Run,ReleaseDate,LoadDate,spots,bases,spots_with_mates,avgLength,size_MB,AssemblyName,download_path,Experiment,LibraryName,LibraryStrategy,LibrarySelection,LibrarySource,LibraryLayout,InsertSize,InsertDev,Platform,Model,SRAStudy,BioProject,Study_Pubmed_id,ProjectID,Sample,BioSample,SampleType,TaxID,ScientificName,SampleName,g1k_pop_code,source,g1k_analysis_group,Subject_ID,Sex,Disease,Tumor,Affection_Status,Analyte_Type,Histological_Type,Body_Site,CenterName,Submission,dbgap_study_accession,Consent,RunHash,ReadHash
ERR062334,2011-12-20 19:20:02,2014-05-16 15:42:18,35853815,7242470630,35853815,202,4783,,https://sra-downloadb.be-md.ncbi.nlm.nih.gov/sos1/sra-pub-run-5/ERR062334/ERR062334.4,ERX040276,LC_S1_RNA_01,OTHER,unspecified,TRANSCRIPTOMIC,PAIRED,300,0,ILLUMINA,Illumina HiSeq 2000,ERP001058,PRJEB2784,,204506,ERS079846,SAMEA1094643,simple,9606,Homo sapiens,SAMEA1094643,,,,,,,no,,,,,GMISNU,ERA075389,,public,671694717638BA32D9515766F4CA0686,7C307BBA6AD3EFE4845221B6B9194901
ERR062335,2011-12-20 19:20:02,2013-06-13 14:14:15,44654797,9020268994,44654797,202,6006,,https://sra-downloadb.be-md.ncbi.nlm.nih.gov/sos1/sra-pub-run-5/ERR062335/ERR062335.3,ERX040277,LC_S2_RNA_01,OTHER,unspecified,TRANSCRIPTOMIC,PAIRED,300,0,ILLUMINA,Illumina HiSeq 2000,ERP001058,PRJEB2784,,204506,ERS079847,SAMEA1094641,simple,9606,Homo sapiens,SAMEA1094641,,,,,,,no,,,,,GMISNU,ERA075389,,public,39624B0C7ADF4DD3C1414450033D112B,F0B7C258B8DD4737DD9B9C7D8D9041D2
ERR062336,2011-12-20 19:20:03,2013-06-13 14:18:19,52449083,10594714766,52449083,202,7028,,https://sra-downloadb.be-md.ncbi.nlm.nih.gov/sos1/sra-pub-run-5/ERR062336/ERR062336.2,ERX040278,LC_S3_RNA_01,OTHER,unspecified,TRANSCRIPTOMIC,PAIRED,300,0,ILLUMINA,Illumina HiSeq 2000,ERP001058,PRJEB2784,,204506,ERS079848,SAMEA1094645,simple,9606,Homo sapiens,SAMEA1094645,,,,,,,no,,,,,GMISNU,ERA075389,,public,989810A0390245A35DDB7ABCF3566329,53E26FC5E8E990A083B044670E74D050
ERR062337,2011-12-20 19:20:03,2013-06-13 14:17:06,48421741,9781191682,48421741,202,6473,,https://sra-downloadb.be-md.ncbi.nlm.nih.gov/sos1/sra-pub-run-5/ERR062337/ERR062337.3,ERX040279,LC_S4_RNA_01,OTHER,unspecified,TRANSCRIPTOMIC,PAIRED,300,0,ILLUMINA,Illumina HiSeq 2000,ERP001058,PRJEB2784,,204506,ERS079849,SAMEA1094646,simple,9606,Homo sapiens,SAMEA1094646,,,,,,,no,,,,,GMISNU,ERA075389,,public,B66A8397ACFED793D9D5EEE6CB0A9461,696F58E2F9855250631A65318D7BC053
ERR062338,2011-12-20 19:20:03,2013-06-13 14:14:11,46449533,9382805666,46449533,202,6244,,https://sra-downloadb.be-md.ncbi.nlm.nih.gov/sos1/sra-pub-run-5/ERR062338/ERR062338.3,ERX040280,LC_S5_RNA_01,OTHER,unspecified,TRANSCRIPTOMIC,PAIRED,300,0,ILLUMINA,Illumina HiSeq 2000,ERP001058,PRJEB2784,,204506,ERS079850,SAMEA1094644,simple,9606,Homo sapiens,SAMEA1094644,,,,,,,no,,,,,GMISNU,ERA075389,,public,093BE9B07C90F9A6F46B4F4AC39ACC3F,FCADD9EB26A26370E6AB7787232EADC6
ERR164473,2012-09-10 15:13:45,2012-09-10 15:09:55,22844380,4614564760,22844380,202,3055,,https://sra-downloadb.be-md.ncbi.nlm.nih.gov/sos2/sra-pub-run-7/ERR164473/ERR164473.1,ERX140350,LC_C1_nor_Txn1,OTHER,unspecified,TRANSCRIPTOMIC,PAIRED,200,0,ILLUMINA,Illumina HiSeq 2000,ERP001058,PRJEB2784,,204506,ERS158730,SAMEA1499361,simple,9606,Homo sapiens,SAMEA1499361,,,,,,,no,,,,,GMISNU,ERA156312,,public,109973F0D76FF18CC94DF8E8B5B9F170,59A8F9BD4FA54F6A95C51B42E9C58F76
ERR164474,2012-09-10 15:18:27,2012-09-10 15:14:55,42022150,8488474300,42022150,202,5635,,https://sra-downloadb.be-md.ncbi.nlm.nih.gov/sos2/sra-pub-run-7/ERR164474/ERR164474.1,ERX140351,LC_C2_nor_Txn1,OTHER,unspecified,TRANSCRIPTOMIC,PAIRED,200,0,ILLUMINA,Illumina HiSeq 2000,ERP001058,PRJEB2784,,204506,ERS158731,SAMEA1499337,simple,9606,Homo sapiens,SAMEA1499337,,,,,,,no,,,,,GMISNU,ERA156312,,public,8F3D63B9873034865A14D12E95726956,0572F3C148CB7E9FE6B17E0328F98B4F
ERR164475,2012-09-10 15:19:41,2012-09-10 15:18:38,36558196,7384755592,36558196,202,4903,,https://sra-downloadb.be-md.ncbi.nlm.nih.gov/sos2/sra-pub-run-7/ERR164475/ERR164475.1,ERX140352,LC_C3_nor_Txn1,OTHER,unspecified,TRANSCRIPTOMIC,PAIRED,200,0,ILLUMINA,Illumina HiSeq 2000,ERP001058,PRJEB2784,,204506,ERS158732,SAMEA1499309,simple,9606,Homo sapiens,SAMEA1499309,,,,,,,no,,,,,GMISNU,ERA156312,,public,19880E65A6EA7D2E9B8C1119A3E26812,07475CABEF5BDD8813A17DAFC12F9603
ERR164476,2012-09-10 15:19:41,2012-09-10 15:19:05,32065580,6477247160,32065580,202,4301,,https://sra-downloadb.be-md.ncbi.nlm.nih.gov/sos2/sra-pub-run-7/ERR164476/ERR164476.1,ERX140353,LC_C5_nor_Txn1,OTHER,unspecified,TRANSCRIPTOMIC,PAIRED,200,0,ILLUMINA,Illumina HiSeq 2000,ERP001058,PRJEB2784,,204506,ERS158733,SAMEA1499301,simple,9606,Homo sapiens,SAMEA1499301,,,,,,,no,,,,,GMISNU,ERA156312,,public,E30F861F3778B196F5C0836E132B91BE,D93547C9B46500AEB5DFA249F63140E4
ERR164477,2012-09-10 15:22:29,2012-09-10 15:22:03,35823521,7236351242,35823521,202,4804,,https://sra-downloadb.be-md.ncbi.nlm.nih.gov/sos2/sra-pub-run-7/ERR164477/ERR164477.1,ERX140354,LC_C7_nor_Txn1,OTHER,unspecified,TRANSCRIPTOMIC,PAIRED,200,0,ILLUMINA,Illumina HiSeq 2000,ERP001058,PRJEB2784,,204506,ERS158734,SAMEA1499281,simple,9606,Homo sapiens,SAMEA1499281,,,,,,,no,,,,,GMISNU,ERA156312,,public,B6A78DCD3069805F79DB8DE0C4A51B51,EBEB22853ACB8F215B67CE2572C18EAC
ERR164478,2012-09-10 15:26:29,2012-09-10 15:25:26,42992272,8684438944,42992272,202,5768,,https://sra-downloadb.be-md.ncbi.nlm.nih.gov/sos1/sra-pub-run-5/ERR164478/ERR164478.1,ERX140355,LC_C9_nor_Txn1,OTHER,unspecified,TRANSCRIPTOMIC,PAIRED,200,0,ILLUMINA,Illumina HiSeq 2000,ERP001058,PRJEB2784,,204506,ERS158735,SAMEA1499256,simple,9606,Homo sapiens,SAMEA1499256,,,,,,,no,,,,,GMISNU,ERA156312,,public,C503D240C623A3208A1B270BF2FF9FB0,74357385DD7D28DDA6DBBAAB3A78A297
ERR164479,2012-09-10 15:26:29,2012-09-10 15:26:02,28952003,5848304606,28952003,202,3893,,https://sra-downloadb.be-md.ncbi.nlm.nih.gov/sos1/sra-pub-run-5/ERR164479/ERR164479.1,ERX140356,LC_C10_nor_Txn1,OTHER,unspecified,TRANSCRIPTOMIC,PAIRED,200,0,ILLUMINA,Illumina HiSeq 2000,ERP001058,PRJEB2784,,204506,ERS158736,SAMEA1499243,simple,9606,Homo sapiens,SAMEA1499243,,,,,,,no,,,,,GMISNU,ERA156312,,public,AB26012D9E3AFEDFB988B05B0F5E0ED4,B12A2D4A0DC2C8289E637BCB14204047
ERR164480,2012-09-11 00:12:11,2012-09-11 00:11:13,30034560,6066981120,30034560,202,3962,,https://sra-downloadb.be-md.ncbi.nlm.nih.gov/sos1/sra-pub-run-5/ERR164480/ERR164480.1,ERX140357,LC_C11_nor_Txn1,OTHER,unspecified,TRANSCRIPTOMIC,PAIRED,200,0,ILLUMINA,Illumina HiSeq 2000,ERP001058,PRJEB2784,,204506,ERS158737,SAMEA1499228,simple,9606,Homo sapiens,SAMEA1499228,,,,,,,no,,,,,GMISNU,ERA156312,,public,B367F6C029E60A293B6855809B0638FF,BE377AEF8F6908DADCF262A04FD52FDF
ERR164481,2012-09-10 15:29:09,2012-09-10 15:28:51,27199448,5494288496,27199448,202,3602,,https://sra-downloadb.be-md.ncbi.nlm.nih.gov/sos1/sra-pub-run-5/ERR164481/ERR164481.1,ERX140358,LC_C12_nor_Txn1,OTHER,unspecified,TRANSCRIPTOMIC,PAIRED,200,0,ILLUMINA,Illumina HiSeq 2000,ERP001058,PRJEB2784,,204506,ERS158738,SAMEA1499368,simple,9606,Homo sapiens,SAMEA1499368,,,,,,,no,,,,,GMISNU,ERA156312,,public,FC99C57F498D0151F0A4AED8F50D70E3,9FD6039B4A2E150C440065DACC950ADE
ERR164482,2012-09-11 00:09:21,2012-09-11 00:08:42,33297988,6726193576,33297988,202,4410,,https://sra-downloadb.be-md.ncbi.nlm.nih.gov/sos1/sra-pub-run-5/ERR164482/ERR164482.1,ERX140359,LC_C14_nor_Txn1,OTHER,unspecified,TRANSCRIPTOMIC,PAIRED,200,0,ILLUMINA,Illumina HiSeq 2000,ERP001058,PRJEB2784,,204506,ERS158739,SAMEA1499356,simple,9606,Homo sapiens,SAMEA1499356,,,,,,,no,,,,,GMISNU,ERA156312,,public,D6A6DADDCC50F2CE60499B988086F4E2,3CE3FF9693BD8F4F00525B16B2BBA509
ERR164483,2012-09-10 15:31:12,2012-09-10 15:30:40,30379431,6136645062,30379431,202,4004,,https://sra-downloadb.be-md.ncbi.nlm.nih.gov/sos1/sra-pub-run-5/ERR164483/ERR164483.1,ERX140360,LC_C16_nor_Txn1,OTHER,unspecified,TRANSCRIPTOMIC,PAIRED,200,0,ILLUMINA,Illumina HiSeq 2000,ERP001058,PRJEB2784,,204506,ERS158740,SAMEA1499295,simple,9606,Homo sapiens,SAMEA1499295,,,,,,,no,,,,,GMISNU,ERA156312,,public,38EF45C26B2A722A4D5CFEE49AC05ADB,526BCD6BAE669677EABD083A97A27805
ERR164484,2012-09-10 15:34:43,2012-09-10 15:34:04,33270003,6720540606,33270003,202,4404,,https://sra-downloadb.be-md.ncbi.nlm.nih.gov/sos1/sra-pub-run-5/ERR164484/ERR164484.1,ERX140361,LC_C17_nor_Txn1,OTHER,unspecified,TRANSCRIPTOMIC,PAIRED,200,0,ILLUMINA,Illumina HiSeq 2000,ERP001058,PRJEB2784,,204506,ERS158741,SAMEA1499330,simple,9606,Homo sapiens,SAMEA1499330,,,,,,,no,,,,,GMISNU,ERA156312,,public,912F63084B59AE95453B8B36138DD38C,51C1D18093E21C24575457DD9940159D
ERR164485,2012-09-10 15:34:43,2012-09-10 15:33:10,36204547,7313318494,36204547,202,4777,,https://sra-downloadb.be-md.ncbi.nlm.nih.gov/sos1/sra-pub-run-5/ERR164485/ERR164485.1,ERX140362,LC_C18_nor_Txn1,OTHER,unspecified,TRANSCRIPTOMIC,PAIRED,200,0,ILLUMINA,Illumina HiSeq 2000,ERP001058,PRJEB2784,,204506,ERS158742,SAMEA1499304,simple,9606,Homo sapiens,SAMEA1499304,,,,,,,no,,,,,GMISNU,ERA156312,,public,92B77DD00638723D88B8B1FE63FFBFBA,29A9143E4AEB9704985FBA22EDC5CBDB
ERR164486,2012-09-10 15:35:25,2012-09-10 15:34:47,37810104,7637641008,37810104,202,4996,,https://sra-downloadb.be-md.ncbi.nlm.nih.gov/sos1/sra-pub-run-5/ERR164486/ERR164486.1,ERX140363,LC_C19_nor_Txn1,OTHER,unspecified,TRANSCRIPTOMIC,PAIRED,200,0,ILLUMINA,Illumina HiSeq 2000,ERP001058,PRJEB2784,,204506,ERS158743,SAMEA1499377,simple,9606,Homo sapiens,SAMEA1499377,,,,,,,no,,,,,GMISNU,ERA156312,,public,8460C1A23E9378B5A6AD7922BD9290E4,EF2F43D1429FFBAD70E20655BB2F5361
ERR164487,2012-09-10 15:37:21,2012-09-10 15:36:32,34810994,7031820788,34810994,202,4639,,https://sra-downloadb.be-md.ncbi.nlm.nih.gov/sos1/sra-pub-run-5/ERR164487/ERR164487.1,ERX140364,LC_C20_nor_Txn1,OTHER,unspecified,TRANSCRIPTOMIC,PAIRED,200,0,ILLUMINA,Illumina HiSeq 2000,ERP001058,PRJEB2784,,204506,ERS158744,SAMEA1499360,simple,9606,Homo sapiens,SAMEA1499360,,,,,,,no,,,,,GMISNU,ERA156312,,public,9A9C3CC56ADFA25898D507D4B4078AAD,9A2E0B3C8CE72AC2A52A1E59A45BC3F6
ERR164488,2012-09-10 15:39:23,2012-09-10 15:38:37,38877376,7853229952,38877376,202,5198,,https://sra-downloadb.be-md.ncbi.nlm.nih.gov/sos1/sra-pub-run-5/ERR164488/ERR164488.1,ERX140365,LC_C21_nor_Txn1,OTHER,unspecified,TRANSCRIPTOMIC,PAIRED,200,0,ILLUMINA,Illumina HiSeq 2000,ERP001058,PRJEB2784,,204506,ERS158745,SAMEA1499259,simple,9606,Homo sapiens,SAMEA1499259,,,,,,,no,,,,,GMISNU,ERA156312,,public,E7E3DA35FA76155FACA3F7CAF7A3ECAD,46B99D360850235985FD240B10E2BB33
ERR164489,2012-09-10 15:39:23,2012-09-10 15:38:50,29768181,6013172562,29768181,202,3990,,https://sra-downloadb.be-md.ncbi.nlm.nih.gov/sos1/sra-pub-run-5/ERR164489/ERR164489.1,ERX140366,LC_C22_nor_Txn1,OTHER,unspecified,TRANSCRIPTOMIC,PAIRED,200,0,ILLUMINA,Illumina HiSeq 2000,ERP001058,PRJEB2784,,204506,ERS158746,SAMEA1499238,simple,9606,Homo sapiens,SAMEA1499238,,,,,,,no,,,,,GMISNU,ERA156312,,public,56A37723F71605EA1329F037F9E8EAEF,FB6C20940EC653B8F709DF75F6EBDF9C
ERR164490,2012-09-10 15:40:13,2012-09-10 15:40:05,30552607,6171626614,30552607,202,4092,,https://sra-downloadb.be-md.ncbi.nlm.nih.gov/sos1/sra-pub-run-5/ERR164490/ERR164490.1,ERX140367,LC_C24_nor_Txn1,OTHER,unspecified,TRANSCRIPTOMIC,PAIRED,200,0,ILLUMINA,Illumina HiSeq 2000,ERP001058,PRJEB2784,,204506,ERS158747,SAMEA1499225,simple,9606,Homo sapiens,SAMEA1499225,,,,,,,no,,,,,GMISNU,ERA156312,,public,01B7F6BF737032935239F3E8D21D10B3,E54F90EF427E0CA164C289CD7EB727B3
ERR164491,2012-09-10 15:45:14,2012-09-10 15:45:03,40061444,8092411688,40061444,202,5331,,https://sra-downloadb.be-md.ncbi.nlm.nih.gov/sos1/sra-pub-run-5/ERR164491/ERR164491.1,ERX140368,LC_C25_nor_Txn1,OTHER,unspecified,TRANSCRIPTOMIC,PAIRED,200,0,ILLUMINA,Illumina HiSeq 2000,ERP001058,PRJEB2784,,204506,ERS158748,SAMEA1499290,simple,9606,Homo sapiens,SAMEA1499290,,,,,,,no,,,,,GMISNU,ERA156312,,public,9FE2AC3D1D8171E4FA06153C4A415731,660B618075F585A43FF4E7FB3AD3D0FF
ERR164492,2012-09-10 15:45:14,2012-09-10 15:44:09,31118616,6285960432,31118616,202,4168,,https://sra-downloadb.be-md.ncbi.nlm.nih.gov/sos1/sra-pub-run-5/ERR164492/ERR164492.1,ERX140369,LC_C28_nor_Txn1,OTHER,unspecified,TRANSCRIPTOMIC,PAIRED,200,0,ILLUMINA,Illumina HiSeq 2000,ERP001058,PRJEB2784,,204506,ERS158749,SAMEA1499267,simple,9606,Homo sapiens,SAMEA1499267,,,,,,,no,,,,,GMISNU,ERA156312,,public,A87C7BC7EF08FF7FFD2F032C9E8F1863,AA2565DAD5FA0CCD8D9385503070693F
ERR164493,2012-09-10 15:45:14,2012-09-10 15:45:06,30267534,6114041868,30267534,202,4067,,https://sra-downloadb.be-md.ncbi.nlm.nih.gov/sos1/sra-pub-run-5/ERR164493/ERR164493.1,ERX140370,LC_C29_nor_Txn1,OTHER,unspecified,TRANSCRIPTOMIC,PAIRED,200,0,ILLUMINA,Illumina HiSeq 2000,ERP001058,PRJEB2784,,204506,ERS158750,SAMEA1499308,simple,9606,Homo sapiens,SAMEA1499308,,,,,,,no,,,,,GMISNU,ERA156312,,public,0F885E27CC3FD3B41A1FCD293DAA1BB3,AC79BDA232B9422559D69B79326510D9
ERR164494,2012-09-10 15:47:26,2012-09-10 15:46:38,32973203,6660587006,32973203,202,4413,,https://sra-downloadb.be-md.ncbi.nlm.nih.gov/sos1/sra-pub-run-5/ERR164494/ERR164494.1,ERX140371,LC_C30_nor_Txn1,OTHER,unspecified,TRANSCRIPTOMIC,PAIRED,200,0,ILLUMINA,Illumina HiSeq 2000,ERP001058,PRJEB2784,,204506,ERS158751,SAMEA1499312,simple,9606,Homo sapiens,SAMEA1499312,,,,,,,no,,,,,GMISNU,ERA156312,,public,8790CDB4933C11C7CF2A38BA9A495CBC,85491FA29804C17CEE89F3AA020AC82D
ERR164495,2012-09-10 15:49:13,2012-09-10 15:48:39,29426650,5944183300,29426650,202,3931,,https://sra-downloadb.be-md.ncbi.nlm.nih.gov/sos1/sra-pub-run-5/ERR164495/ERR164495.1,ERX140372,LC_C31_nor_Txn1,OTHER,unspecified,TRANSCRIPTOMIC,PAIRED,200,0,ILLUMINA,Illumina HiSeq 2000,ERP001058,PRJEB2784,,204506,ERS158752,SAMEA1499338,simple,9606,Homo sapiens,SAMEA1499338,,,,,,,no,,,,,GMISNU,ERA156312,,public,5404D1B30106890B249690DAEDA34BA9,A20C5CBDE69A8A796308C01F0CCED6FF
ERR164496,2012-09-10 15:49:13,2012-09-10 15:48:43,27604788,5576167176,27604788,202,3707,,https://sra-downloadb.be-md.ncbi.nlm.nih.gov/sos1/sra-pub-run-5/ERR164496/ERR164496.1,ERX140373,LC_C33_nor_Txn1,OTHER,unspecified,TRANSCRIPTOMIC,PAIRED,200,0,ILLUMINA,Illumina HiSeq 2000,ERP001058,PRJEB2784,,204506,ERS158753,SAMEA1499274,simple,9606,Homo sapiens,SAMEA1499274,,,,,,,no,,,,,GMISNU,ERA156312,,public,66C08CD9ED49A843E385929DB46414B8,A8AEEA91F688561A479EB69C2CC8F507
ERR164497,2012-09-10 15:50:22,2012-09-10 15:49:36,25731489,5197760778,25731489,202,3453,,https://sra-downloadb.be-md.ncbi.nlm.nih.gov/sos1/sra-pub-run-5/ERR164497/ERR164497.1,ERX140374,LC_C34_nor_Txn1,OTHER,unspecified,TRANSCRIPTOMIC,PAIRED,200,0,ILLUMINA,Illumina HiSeq 2000,ERP001058,PRJEB2784,,204506,ERS158754,SAMEA1499289,simple,9606,Homo sapiens,SAMEA1499289,,,,,,,no,,,,,GMISNU,ERA156312,,public,07F8ED1DE0256E34B9D69A5D34C5B60C,DC5664A95ADF3E668A60BCF01CCA2D91
ERR164498,2012-09-10 15:51:19,2012-09-10 15:50:30,31485881,6360147962,31485881,202,4215,,https://sra-downloadb.be-md.ncbi.nlm.nih.gov/sos1/sra-pub-run-5/ERR164498/ERR164498.1,ERX140375,LC_C35_nor_Txn1,OTHER,unspecified,TRANSCRIPTOMIC,PAIRED,200,0,ILLUMINA,Illumina HiSeq 2000,ERP001058,PRJEB2784,,204506,ERS158755,SAMEA1499229,simple,9606,Homo sapiens,SAMEA1499229,,,,,,,no,,,,,GMISNU,ERA156312,,public,034E87EA2718F71FA1B2DE6D0C46514F,7522E41781CA3D79E2F3CA77EAABBF51
ERR164499,2012-09-10 15:53:14,2012-09-10 15:52:27,28180652,5692491704,28180652,202,3784,,https://sra-downloadb.be-md.ncbi.nlm.nih.gov/sos2/sra-pub-run-7/ERR164499/ERR164499.1,ERX140376,LC_C36_nor_Txn1,OTHER,unspecified,TRANSCRIPTOMIC,PAIRED,200,0,ILLUMINA,Illumina HiSeq 2000,ERP001058,PRJEB2784,,204506,ERS158756,SAMEA1499242,simple,9606,Homo sapiens,SAMEA1499242,,,,,,,no,,,,,GMISNU,ERA156312,,public,40A2331A49FE542E306DF6728C570AA4,56C690B175BCCE10C76841C474B7E1C8
ERR164500,2012-09-10 15:57:19,2012-09-10 15:56:34,49956366,10091185932,49956366,202,6833,,https://sra-downloadb.be-md.ncbi.nlm.nih.gov/sos2/sra-pub-run-7/ERR164500/ERR164500.1,ERX140377,LC_S1_nor_Txn1,OTHER,unspecified,TRANSCRIPTOMIC,PAIRED,200,0,ILLUMINA,Illumina HiSeq 2000,ERP001058,PRJEB2784,,204506,ERS158757,SAMEA1499379,simple,9606,Homo sapiens,SAMEA1499379,,,,,,,no,,,,,GMISNU,ERA156312,,public,791416E4E04E68354AAEBDC0DA61E101,81BDBAF3C397EE68C23B6A37028967F5
ERR164501,2012-09-10 15:56:17,2012-09-10 15:55:19,46875690,9468889380,46875690,202,6393,,https://sra-downloadb.be-md.ncbi.nlm.nih.gov/sos2/sra-pub-run-7/ERR164501/ERR164501.1,ERX140378,LC_S2_nor_Txn1,OTHER,unspecified,TRANSCRIPTOMIC,PAIRED,200,0,ILLUMINA,Illumina HiSeq 2000,ERP001058,PRJEB2784,,204506,ERS158758,SAMEA1499369,simple,9606,Homo sapiens,SAMEA1499369,,,,,,,no,,,,,GMISNU,ERA156312,,public,4C1487F0AAC64B650593AD75EF5453EC,5AAA43779DB7FD9E88E9297DB2096A32
ERR164502,2012-09-10 16:01:11,2012-09-10 16:00:22,50624081,10226064362,50624081,202,6906,,https://sra-downloadb.be-md.ncbi.nlm.nih.gov/sos2/sra-pub-run-7/ERR164502/ERR164502.1,ERX140379,LC_S3_nor_Txn1,OTHER,unspecified,TRANSCRIPTOMIC,PAIRED,200,0,ILLUMINA,Illumina HiSeq 2000,ERP001058,PRJEB2784,,204506,ERS158759,SAMEA1499348,simple,9606,Homo sapiens,SAMEA1499348,,,,,,,no,,,,,GMISNU,ERA156312,,public,D0EC7C7CA43429A281E283C05151310F,3A25DEFAAE1BB7E8418E0AAB566849E2
ERR164503,2012-09-10 15:57:19,2012-09-10 15:56:54,45655261,9222362722,45655261,202,6249,,https://sra-downloadb.be-md.ncbi.nlm.nih.gov/sos2/sra-pub-run-7/ERR164503/ERR164503.1,ERX140380,LC_S4_nor_Txn1,OTHER,unspecified,TRANSCRIPTOMIC,PAIRED,200,0,ILLUMINA,Illumina HiSeq 2000,ERP001058,PRJEB2784,,204506,ERS158760,SAMEA1499318,simple,9606,Homo sapiens,SAMEA1499318,,,,,,,no,,,,,GMISNU,ERA156312,,public,16261D5ED351F9A37A98139A13682C1A,B3A8EB7BA395FC230C6F4C91EEC979C9
ERR164504,2012-09-10 15:58:12,2012-09-10 15:57:37,45700930,9231587860,45700930,202,6274,,https://sra-downloadb.be-md.ncbi.nlm.nih.gov/sos2/sra-pub-run-7/ERR164504/ERR164504.1,ERX140381,LC_S5_nor_Txn1,OTHER,unspecified,TRANSCRIPTOMIC,PAIRED,200,0,ILLUMINA,Illumina HiSeq 2000,ERP001058,PRJEB2784,,204506,ERS158761,SAMEA1499307,simple,9606,Homo sapiens,SAMEA1499307,,,,,,,no,,,,,GMISNU,ERA156312,,public,A610C89BA5CA2ABBC400F0EFF971F137,45EBDF356B55C6EDA699E45405CDF1DF
ERR164505,2012-09-10 15:59:14,2012-09-10 15:58:35,45440332,9178947064,45440332,202,6210,,https://sra-downloadb.be-md.ncbi.nlm.nih.gov/sos2/sra-pub-run-7/ERR164505/ERR164505.1,ERX140382,LC_S6_nor_Txn1,OTHER,unspecified,TRANSCRIPTOMIC,PAIRED,200,0,ILLUMINA,Illumina HiSeq 2000,ERP001058,PRJEB2784,,204506,ERS158762,SAMEA1499314,simple,9606,Homo sapiens,SAMEA1499314,,,,,,,no,,,,,GMISNU,ERA156312,,public,71318496E0CC5E285A45295A7ADC5DC7,01195398E1C25DD5B11B5529C9F5F53A
ERR164506,2012-09-10 16:04:14,2012-09-10 16:03:29,41766400,8436812800,41766400,202,5731,,https://sra-downloadb.be-md.ncbi.nlm.nih.gov/sos2/sra-pub-run-7/ERR164506/ERR164506.1,ERX140383,LC_S8_nor_Txn1,OTHER,unspecified,TRANSCRIPTOMIC,PAIRED,200,0,ILLUMINA,Illumina HiSeq 2000,ERP001058,PRJEB2784,,204506,ERS167309,SAMEA1499248,simple,9606,Homo sapiens,SAMEA1499248,,,,,,,no,,,,,GMISNU,ERA156312,,public,3C444C05D83E41F83F240BB0AD804307,1191BCE0D36ADC6A71D25626F9B1B5FD
ERR164507,2012-09-10 16:02:16,2012-09-10 16:01:26,36620147,7397269694,36620147,202,5009,,https://sra-downloadb.be-md.ncbi.nlm.nih.gov/sos2/sra-pub-run-7/ERR164507/ERR164507.1,ERX140384,LC_S9_nor_Txn1,OTHER,unspecified,TRANSCRIPTOMIC,PAIRED,200,0,ILLUMINA,Illumina HiSeq 2000,ERP001058,PRJEB2784,,204506,ERS158763,SAMEA1499375,simple,9606,Homo sapiens,SAMEA1499375,,,,,,,no,,,,,GMISNU,ERA156312,,public,DAB527BB94F616B5524BE1B1E5D58E28,48E6C88C7964D176BA275BACB94E1AA0
ERR164508,2012-09-10 16:04:14,2012-09-10 16:03:38,36929327,7459724054,36929327,202,5054,,https://sra-downloadb.be-md.ncbi.nlm.nih.gov/sos2/sra-pub-run-7/ERR164508/ERR164508.1,ERX140385,LC_S10_nor_Txn1,OTHER,unspecified,TRANSCRIPTOMIC,PAIRED,200,0,ILLUMINA,Illumina HiSeq 2000,ERP001058,PRJEB2784,,204506,ERS158764,SAMEA1499354,simple,9606,Homo sapiens,SAMEA1499354,,,,,,,no,,,,,GMISNU,ERA156312,,public,6A8EA91ED443EDCC235F1BDB53898B83,613A8962F753807FE511F7FD38E9A847
ERR164509,2012-09-10 16:05:18,2012-09-10 16:04:40,44219885,8932416770,44219885,202,6051,,https://sra-downloadb.be-md.ncbi.nlm.nih.gov/sos2/sra-pub-run-7/ERR164509/ERR164509.1,ERX140386,LC_S11_nor_Txn1,OTHER,unspecified,TRANSCRIPTOMIC,PAIRED,200,0,ILLUMINA,Illumina HiSeq 2000,ERP001058,PRJEB2784,,204506,ERS158765,SAMEA1499262,simple,9606,Homo sapiens,SAMEA1499262,,,,,,,no,,,,,GMISNU,ERA156312,,public,A51CF6CCF5EE3E8BA8C25B3A0861B4D4,ACB891856F192BF6E211392269E4B9A8
ERR164510,2012-09-10 16:03:21,2012-09-10 16:02:42,31899940,6443787880,31899940,202,4355,,https://sra-downloadb.be-md.ncbi.nlm.nih.gov/sos2/sra-pub-run-7/ERR164510/ERR164510.1,ERX140387,LC_S13_nor_Txn1,OTHER,unspecified,TRANSCRIPTOMIC,PAIRED,200,0,ILLUMINA,Illumina HiSeq 2000,ERP001058,PRJEB2784,,204506,ERS158766,SAMEA1499236,simple,9606,Homo sapiens,SAMEA1499236,,,,,,,no,,,,,GMISNU,ERA156312,,public,04AB8158ECF195EC50AD1F6F3FEC149B,3EC0309B6247C658C365F030F131F3AD
ERR164511,2012-09-10 16:05:18,2012-09-10 16:05:11,31290309,6320642418,31290309,202,4211,,https://sra-downloadb.be-md.ncbi.nlm.nih.gov/sos2/sra-pub-run-7/ERR164511/ERR164511.1,ERX140388,LC_S14_nor_Txn1,OTHER,unspecified,TRANSCRIPTOMIC,PAIRED,200,0,ILLUMINA,Illumina HiSeq 2000,ERP001058,PRJEB2784,,204506,ERS158767,SAMEA1499294,simple,9606,Homo sapiens,SAMEA1499294,,,,,,,no,,,,,GMISNU,ERA156312,,public,728251E12A56E1C7DEDCC554242F41AC,3DAA2532AA6A97F36B82E96970EBD84E
ERR164512,2012-09-10 16:08:16,2012-09-10 16:07:06,39920425,8063925850,39920425,202,5375,,https://sra-downloadb.be-md.ncbi.nlm.nih.gov/sos2/sra-pub-run-7/ERR164512/ERR164512.1,ERX140389,LC_S15_nor_Txn1,OTHER,unspecified,TRANSCRIPTOMIC,PAIRED,200,0,ILLUMINA,Illumina HiSeq 2000,ERP001058,PRJEB2784,,204506,ERS158768,SAMEA1499275,simple,9606,Homo sapiens,SAMEA1499275,,,,,,,no,,,,,GMISNU,ERA156312,,public,528056C31E425EDA738A9004910045A4,9C4333926B2B67F2D31C941F609342D3
ERR164513,2012-09-10 16:08:16,2012-09-10 16:07:29,36408281,7354472762,36408281,202,4900,,https://sra-downloadb.be-md.ncbi.nlm.nih.gov/sos2/sra-pub-run-7/ERR164513/ERR164513.1,ERX140390,LC_S16_nor_Txn1,OTHER,unspecified,TRANSCRIPTOMIC,PAIRED,200,0,ILLUMINA,Illumina HiSeq 2000,ERP001058,PRJEB2784,,204506,ERS158769,SAMEA1499269,simple,9606,Homo sapiens,SAMEA1499269,,,,,,,no,,,,,GMISNU,ERA156312,,public,09279C189084B22091643A4F68B9B300,622B884369D0BC88E7380E3609C4530C
ERR164514,2012-09-10 16:08:16,2012-09-10 16:07:22,35726514,7216755828,35726514,202,4802,,https://sra-downloadb.be-md.ncbi.nlm.nih.gov/sos2/sra-pub-run-7/ERR164514/ERR164514.1,ERX140391,LC_S17_nor_Txn1,OTHER,unspecified,TRANSCRIPTOMIC,PAIRED,200,0,ILLUMINA,Illumina HiSeq 2000,ERP001058,PRJEB2784,,204506,ERS158770,SAMEA1499351,simple,9606,Homo sapiens,SAMEA1499351,,,,,,,no,,,,,GMISNU,ERA156312,,public,868993BF55D9EEF48C2F04406AEAEB56,44848FBD67772D8EBEF5C62454EE1946
ERR164515,2012-09-10 16:09:33,2012-09-10 16:08:14,31497329,6362460458,31497329,202,4253,,https://sra-downloadb.be-md.ncbi.nlm.nih.gov/sos2/sra-pub-run-7/ERR164515/ERR164515.1,ERX140392,LC_S18_nor_Txn1,OTHER,unspecified,TRANSCRIPTOMIC,PAIRED,200,0,ILLUMINA,Illumina HiSeq 2000,ERP001058,PRJEB2784,,204506,ERS158771,SAMEA1499374,simple,9606,Homo sapiens,SAMEA1499374,,,,,,,no,,,,,GMISNU,ERA156312,,public,D8AED101A31AA65BEA17F323FB0E553C,BF950024B1D52EAA7FEE3F2CC2829086
ERR164516,2012-09-10 16:09:33,2012-09-10 16:09:06,34642008,6997685616,34642008,202,4664,,https://sra-downloadb.be-md.ncbi.nlm.nih.gov/sos2/sra-pub-run-7/ERR164516/ERR164516.1,ERX140393,LC_S19_nor_Txn1,OTHER,unspecified,TRANSCRIPTOMIC,PAIRED,200,0,ILLUMINA,Illumina HiSeq 2000,ERP001058,PRJEB2784,,204506,ERS158772,SAMEA1499283,simple,9606,Homo sapiens,SAMEA1499283,,,,,,,no,,,,,GMISNU,ERA156312,,public,23BAF0F14BC63CA1CF233255035E88B0,B7001970DA6FF4DC1D0706C1116A6110
ERR164517,2012-09-10 16:09:33,2012-09-10 16:08:37,31193217,6301029834,31193217,202,4195,,https://sra-downloadb.be-md.ncbi.nlm.nih.gov/sos2/sra-pub-run-7/ERR164517/ERR164517.1,ERX140394,LC_S20_nor_Txn1,OTHER,unspecified,TRANSCRIPTOMIC,PAIRED,200,0,ILLUMINA,Illumina HiSeq 2000,ERP001058,PRJEB2784,,204506,ERS158773,SAMEA1499298,simple,9606,Homo sapiens,SAMEA1499298,,,,,,,no,,,,,GMISNU,ERA156312,,public,06539DC2622E69277574E05ACB4FFAE1,6D86FD58640AEFC4443CD7F9EC5F6A9F
ERR164518,2012-09-10 16:11:20,2012-09-10 16:10:43,36693314,7412049428,36693314,202,4934,,https://sra-downloadb.be-md.ncbi.nlm.nih.gov/sos2/sra-pub-run-7/ERR164518/ERR164518.1,ERX140395,LC_S21_nor_Txn1,OTHER,unspecified,TRANSCRIPTOMIC,PAIRED,200,0,ILLUMINA,Illumina HiSeq 2000,ERP001058,PRJEB2784,,204506,ERS158774,SAMEA1499271,simple,9606,Homo sapiens,SAMEA1499271,,,,,,,no,,,,,GMISNU,ERA156312,,public,9CB1A168634A79E68432788AB0FE03D7,9E7C73CA08C868B6E0AD96DAAB2F43BE
ERR164519,2012-09-10 16:14:13,2012-09-10 16:14:01,34871202,7043982804,34871202,202,4663,,https://sra-downloadb.be-md.ncbi.nlm.nih.gov/sos2/sra-pub-run-7/ERR164519/ERR164519.1,ERX140396,LC_S22_nor_Txn1,OTHER,unspecified,TRANSCRIPTOMIC,PAIRED,200,0,ILLUMINA,Illumina HiSeq 2000,ERP001058,PRJEB2784,,204506,ERS158775,SAMEA1499258,simple,9606,Homo sapiens,SAMEA1499258,,,,,,,no,,,,,GMISNU,ERA156312,,public,811C67A207198B63F0CA4C26A5E31DA6,F1F211A0BB0A56CB468D37F9B20D6EC8
ERR164520,2012-09-10 16:14:13,2012-09-10 16:13:28,35109105,7092039210,35109105,202,4735,,https://sra-downloadb.be-md.ncbi.nlm.nih.gov/sos2/sra-pub-run-7/ERR164520/ERR164520.1,ERX140397,LC_S23_nor_Txn1,OTHER,unspecified,TRANSCRIPTOMIC,PAIRED,200,0,ILLUMINA,Illumina HiSeq 2000,ERP001058,PRJEB2784,,204506,ERS158776,SAMEA1499223,simple,9606,Homo sapiens,SAMEA1499223,,,,,,,no,,,,,GMISNU,ERA156312,,public,337CCE7DA39F28990C22A842550E5AA8,FA7DD00056393F6298F254799681413C
ERR164521,2012-09-10 16:15:13,2012-09-10 16:14:21,36070935,7286328870,36070935,202,4873,,https://sra-downloadb.be-md.ncbi.nlm.nih.gov/sos2/sra-pub-run-7/ERR164521/ERR164521.1,ERX140398,LC_S24_nor_Txn1,OTHER,unspecified,TRANSCRIPTOMIC,PAIRED,200,0,ILLUMINA,Illumina HiSeq 2000,ERP001058,PRJEB2784,,204506,ERS158777,SAMEA1499370,simple,9606,Homo sapiens,SAMEA1499370,,,,,,,no,,,,,GMISNU,ERA156312,,public,01F80ABE70154557D42B4B5FF29185CE,2CEB339F8F2FF8E953BC9E9F0CB6A9CE
ERR164522,2012-09-10 16:16:14,2012-09-10 16:15:33,37385715,7551914430,37385715,202,5028,,https://sra-downloadb.be-md.ncbi.nlm.nih.gov/sos1/sra-pub-run-5/ERR164522/ERR164522.1,ERX140399,LC_S25_nor_Txn1,OTHER,unspecified,TRANSCRIPTOMIC,PAIRED,200,0,ILLUMINA,Illumina HiSeq 2000,ERP001058,PRJEB2784,,204506,ERS158778,SAMEA1499344,simple,9606,Homo sapiens,SAMEA1499344,,,,,,,no,,,,,GMISNU,ERA156312,,public,3F7962727B3305B2EF57C997E3379EAA,E67B3CADFC202FF6F2A2C068C307E487
ERR164523,2012-09-10 16:16:14,2012-09-10 16:15:10,33943554,6856597908,33943554,202,4553,,https://sra-downloadb.be-md.ncbi.nlm.nih.gov/sos1/sra-pub-run-5/ERR164523/ERR164523.1,ERX140400,LC_S26_nor_Txn1,OTHER,unspecified,TRANSCRIPTOMIC,PAIRED,200,0,ILLUMINA,Illumina HiSeq 2000,ERP001058,PRJEB2784,,204506,ERS158779,SAMEA1499320,simple,9606,Homo sapiens,SAMEA1499320,,,,,,,no,,,,,GMISNU,ERA156312,,public,2C3507DF39C506352F7CD5E769CD16A3,0518CD79136628B6AE3B99E141D09F4E
ERR164524,2012-09-10 16:16:14,2012-09-10 16:15:39,29128935,5884044870,29128935,202,3916,,https://sra-downloadb.be-md.ncbi.nlm.nih.gov/sos1/sra-pub-run-5/ERR164524/ERR164524.1,ERX140401,LC_S27_nor_Txn1,OTHER,unspecified,TRANSCRIPTOMIC,PAIRED,200,0,ILLUMINA,Illumina HiSeq 2000,ERP001058,PRJEB2784,,204506,ERS158780,SAMEA1499270,simple,9606,Homo sapiens,SAMEA1499270,,,,,,,no,,,,,GMISNU,ERA156312,,public,A9B39686E4DAFF801B1F1AA884083464,33ED0EDEEB1CAF416324CBED4BB0B14A
ERR164525,2012-09-10 16:18:17,2012-09-10 16:18:09,37843199,7644326198,37843199,202,4988,,https://sra-downloadb.be-md.ncbi.nlm.nih.gov/sos1/sra-pub-run-5/ERR164525/ERR164525.1,ERX140402,LC_S28_nor_Txn1,OTHER,unspecified,TRANSCRIPTOMIC,PAIRED,200,0,ILLUMINA,Illumina HiSeq 2000,ERP001058,PRJEB2784,,204506,ERS158781,SAMEA1499297,simple,9606,Homo sapiens,SAMEA1499297,,,,,,,no,,,,,GMISNU,ERA156312,,public,ECF801E8C19DCD08A4801D94BEBFA788,4D6E2F896331FC8AEDDBF6F61361B033
ERR164526,2012-09-10 16:18:17,2012-09-10 16:17:32,31527488,6368552576,31527488,202,4136,,https://sra-downloadb.be-md.ncbi.nlm.nih.gov/sos1/sra-pub-run-5/ERR164526/ERR164526.1,ERX140403,LC_S29_nor_Txn1,OTHER,unspecified,TRANSCRIPTOMIC,PAIRED,200,0,ILLUMINA,Illumina HiSeq 2000,ERP001058,PRJEB2784,,204506,ERS158782,SAMEA1499231,simple,9606,Homo sapiens,SAMEA1499231,,,,,,,no,,,,,GMISNU,ERA156312,,public,DF3701D7A7F40F08ACDA8AC7A496DE79,21F33AB22836CC33D9186A1CA0E92F1A
ERR164527,2012-09-10 16:25:47,2012-09-10 16:19:18,33656997,6798713394,33656997,202,4424,,https://sra-downloadb.be-md.ncbi.nlm.nih.gov/sos1/sra-pub-run-5/ERR164527/ERR164527.1,ERX140404,LC_S30_nor_Txn1,OTHER,unspecified,TRANSCRIPTOMIC,PAIRED,200,0,ILLUMINA,Illumina HiSeq 2000,ERP001058,PRJEB2784,,204506,ERS158783,SAMEA1499255,simple,9606,Homo sapiens,SAMEA1499255,,,,,,,no,,,,,GMISNU,ERA156312,,public,0378FE294D8CCFB887FF913277BB284F,4BF158F351FF3C7D4E8984299A805B5D
ERR164528,2012-09-10 16:25:47,2012-09-10 16:21:03,38815656,7840762512,38815656,202,5106,,https://sra-downloadb.be-md.ncbi.nlm.nih.gov/sos1/sra-pub-run-5/ERR164528/ERR164528.1,ERX140405,LC_S31_nor_Txn1,OTHER,unspecified,TRANSCRIPTOMIC,PAIRED,200,0,ILLUMINA,Illumina HiSeq 2000,ERP001058,PRJEB2784,,204506,ERS158784,SAMEA1499244,simple,9606,Homo sapiens,SAMEA1499244,,,,,,,no,,,,,GMISNU,ERA156312,,public,17D71B797DD1B91847BB0A0778F6DB5C,18B21CFC44BF6697D74B2F52C625E6A4
ERR164529,2012-09-10 16:25:47,2012-09-10 16:20:39,39369979,7952735758,39369979,202,5220,,https://sra-downloadb.be-md.ncbi.nlm.nih.gov/sos1/sra-pub-run-5/ERR164529/ERR164529.1,ERX140406,LC_S32_nor_Txn1,OTHER,unspecified,TRANSCRIPTOMIC,PAIRED,200,0,ILLUMINA,Illumina HiSeq 2000,ERP001058,PRJEB2784,,204506,ERS158785,SAMEA1499350,simple,9606,Homo sapiens,SAMEA1499350,,,,,,,no,,,,,GMISNU,ERA156312,,public,B592E71C9F09A7766C89FADE4B80A1E4,B382C6E0617F3C798C07D4B893122BA0
ERR164530,2012-09-10 16:25:47,2012-09-10 16:19:45,28568100,5770756200,28568100,202,3758,,https://sra-downloadb.be-md.ncbi.nlm.nih.gov/sos1/sra-pub-run-5/ERR164530/ERR164530.1,ERX140407,LC_S33_nor_Txn1,OTHER,unspecified,TRANSCRIPTOMIC,PAIRED,200,0,ILLUMINA,Illumina HiSeq 2000,ERP001058,PRJEB2784,,204506,ERS158786,SAMEA1499363,simple,9606,Homo sapiens,SAMEA1499363,,,,,,,no,,,,,GMISNU,ERA156312,,public,F623348B11FB0AE646D0FF57E8876B96,60F08C6C70EC3F28BD7F84403AB98EE3
ERR164531,2012-09-10 16:25:47,2012-09-10 16:21:45,33008257,6667667914,33008257,202,4304,,https://sra-downloadb.be-md.ncbi.nlm.nih.gov/sos1/sra-pub-run-5/ERR164531/ERR164531.1,ERX140408,LC_S34_nor_Txn1,OTHER,unspecified,TRANSCRIPTOMIC,PAIRED,200,0,ILLUMINA,Illumina HiSeq 2000,ERP001058,PRJEB2784,,204506,ERS158787,SAMEA1499317,simple,9606,Homo sapiens,SAMEA1499317,,,,,,,no,,,,,GMISNU,ERA156312,,public,61AA98FB4B20CA9D195DEDF7D2A8AD33,C43C994A40273FC9B307E8BF572E9FEC
ERR164532,2012-09-10 16:25:47,2012-09-10 16:21:58,34867292,7043192984,34867292,202,4559,,https://sra-downloadb.be-md.ncbi.nlm.nih.gov/sos1/sra-pub-run-5/ERR164532/ERR164532.1,ERX140409,LC_S35_nor_Txn1,OTHER,unspecified,TRANSCRIPTOMIC,PAIRED,200,0,ILLUMINA,Illumina HiSeq 2000,ERP001058,PRJEB2784,,204506,ERS158788,SAMEA1499340,simple,9606,Homo sapiens,SAMEA1499340,,,,,,,no,,,,,GMISNU,ERA156312,,public,B3510E52413E5D00EC1B461676880C5F,4C25E7D1F9E75C666A22D4A8A8929D1B
ERR164533,2012-09-10 16:25:47,2012-09-10 16:23:20,38983377,7874642154,38983377,202,5092,,https://sra-downloadb.be-md.ncbi.nlm.nih.gov/sos1/sra-pub-run-5/ERR164533/ERR164533.1,ERX140410,LC_S36_nor_Txn1,OTHER,unspecified,TRANSCRIPTOMIC,PAIRED,200,0,ILLUMINA,Illumina HiSeq 2000,ERP001058,PRJEB2784,,204506,ERS158789,SAMEA1499336,simple,9606,Homo sapiens,SAMEA1499336,,,,,,,no,,,,,GMISNU,ERA156312,,public,F269AC8FDCE8CAFF1E8C202C2158E783,5AEBD472B33AC21E3DB74B6A1ABE02E0
ERR164534,2012-09-10 16:25:47,2012-09-10 16:23:28,35282174,7126999148,35282174,202,4601,,https://sra-downloadb.be-md.ncbi.nlm.nih.gov/sos1/sra-pub-run-5/ERR164534/ERR164534.1,ERX140411,LC_S37_nor_Txn1,OTHER,unspecified,TRANSCRIPTOMIC,PAIRED,200,0,ILLUMINA,Illumina HiSeq 2000,ERP001058,PRJEB2784,,204506,ERS158790,SAMEA1499343,simple,9606,Homo sapiens,SAMEA1499343,,,,,,,no,,,,,GMISNU,ERA156312,,public,F09B0AB8A7230DA8EC7464B4778F8AA3,A1ACDAE1DF4CA39C91C1B58536D354C2
ERR164535,2012-09-10 16:25:47,2012-09-10 16:23:06,17270628,3488666856,17270628,202,2231,,https://sra-downloadb.be-md.ncbi.nlm.nih.gov/sos1/sra-pub-run-5/ERR164535/ERR164535.1,ERX140412,LC_S38_nor_Txn1,OTHER,unspecified,TRANSCRIPTOMIC,PAIRED,200,0,ILLUMINA,Illumina HiSeq 2000,ERP001058,PRJEB2784,,204506,ERS158791,SAMEA1499365,simple,9606,Homo sapiens,SAMEA1499365,,,,,,,no,,,,,GMISNU,ERA156312,,public,A4459E6967A8407F722B2879A9CF156C,D82F9D747C90A89ABA6A41B96DF7BD9F
ERR164536,2012-09-10 16:27:24,2012-09-10 16:26:24,38797818,7837159236,38797818,202,5054,,https://sra-downloadb.be-md.ncbi.nlm.nih.gov/sos1/sra-pub-run-5/ERR164536/ERR164536.1,ERX140413,LC_S39_nor_Txn1,OTHER,unspecified,TRANSCRIPTOMIC,PAIRED,200,0,ILLUMINA,Illumina HiSeq 2000,ERP001058,PRJEB2784,,204506,ERS158792,SAMEA1499234,simple,9606,Homo sapiens,SAMEA1499234,,,,,,,no,,,,,GMISNU,ERA156312,,public,B696CC7E957B891B84A14668F59EF6F9,29A6A41DCF80773E679DBCAD36588611
ERR164537,2012-09-10 16:26:11,2012-09-10 16:26:04,28086427,5673458254,28086427,202,3831,,https://sra-downloadb.be-md.ncbi.nlm.nih.gov/sos1/sra-pub-run-5/ERR164537/ERR164537.1,ERX140414,LC_S40_nor_Txn1,OTHER,unspecified,TRANSCRIPTOMIC,PAIRED,200,0,ILLUMINA,Illumina HiSeq 2000,ERP001058,PRJEB2784,,204506,ERS158793,SAMEA1499253,simple,9606,Homo sapiens,SAMEA1499253,,,,,,,no,,,,,GMISNU,ERA156312,,public,31DCEE7F6D2FEE5535A5E52C688A5680,989989C49B636B42D1B83F18E5ADCE4A
ERR164538,2012-09-10 16:27:24,2012-09-10 16:27:17,35274948,7125539496,35274948,202,4816,,https://sra-downloadb.be-md.ncbi.nlm.nih.gov/sos1/sra-pub-run-5/ERR164538/ERR164538.1,ERX140415,LC_S41_nor_Txn1,OTHER,unspecified,TRANSCRIPTOMIC,PAIRED,200,0,ILLUMINA,Illumina HiSeq 2000,ERP001058,PRJEB2784,,204506,ERS158794,SAMEA1499279,simple,9606,Homo sapiens,SAMEA1499279,,,,,,,no,,,,,GMISNU,ERA156312,,public,B1D51DEC521EB47D59D8F3058A4F6A07,F89136E77252DDEAAC1A8E3421C2D872
ERR164539,2012-09-10 16:32:45,2012-09-10 16:28:02,52034997,10511069394,52034997,202,7079,,https://sra-downloadb.be-md.ncbi.nlm.nih.gov/sos1/sra-pub-run-5/ERR164539/ERR164539.1,ERX140416,LC_S42_nor_Txn1,OTHER,unspecified,TRANSCRIPTOMIC,PAIRED,200,0,ILLUMINA,Illumina HiSeq 2000,ERP001058,PRJEB2784,,204506,ERS158795,SAMEA1499263,simple,9606,Homo sapiens,SAMEA1499263,,,,,,,no,,,,,GMISNU,ERA156312,,public,CFE4076AFEB50C9CBC83B7D77755A789,B01018BB50C08A50BCD881E9EDDDC248
ERR164540,2012-09-10 16:32:45,2012-09-10 16:30:14,47760113,9647542826,47760113,202,6485,,https://sra-downloadb.be-md.ncbi.nlm.nih.gov/sos1/sra-pub-run-5/ERR164540/ERR164540.1,ERX140417,LC_S43_nor_Txn1,OTHER,unspecified,TRANSCRIPTOMIC,PAIRED,200,0,ILLUMINA,Illumina HiSeq 2000,ERP001058,PRJEB2784,,204506,ERS158796,SAMEA1499282,simple,9606,Homo sapiens,SAMEA1499282,,,,,,,no,,,,,GMISNU,ERA156312,,public,652BE54A87A72CE50AF88D8DD6AACF6A,C7EE18B3135CE0822FA8C963A064CEC7
ERR164541,2012-09-10 16:32:45,2012-09-10 16:29:07,46858874,9465492548,46858874,202,6371,,https://sra-downloadb.be-md.ncbi.nlm.nih.gov/sos1/sra-pub-run-5/ERR164541/ERR164541.1,ERX140418,LC_S44_nor_Txn1,OTHER,unspecified,TRANSCRIPTOMIC,PAIRED,200,0,ILLUMINA,Illumina HiSeq 2000,ERP001058,PRJEB2784,,204506,ERS158797,SAMEA1499311,simple,9606,Homo sapiens,SAMEA1499311,,,,,,,no,,,,,GMISNU,ERA156312,,public,86B6E6F3DDA51779C701AF9DB794A298,C8FFB226B741260C3C67573200C9B334
ERR164542,2012-09-10 16:32:45,2012-09-10 16:31:56,50435154,10187901108,50435154,202,6881,,https://sra-downloadb.be-md.ncbi.nlm.nih.gov/sos1/sra-pub-run-5/ERR164542/ERR164542.1,ERX140419,LC_S45_nor_Txn1,OTHER,unspecified,TRANSCRIPTOMIC,PAIRED,200,0,ILLUMINA,Illumina HiSeq 2000,ERP001058,PRJEB2784,,204506,ERS158798,SAMEA1499321,simple,9606,Homo sapiens,SAMEA1499321,,,,,,,no,,,,,GMISNU,ERA156312,,public,666D8CCA0AE6D72E1A47B891A6B6E39D,F66B20A7B4C7E7310A98B41A7F8B9E2B
ERR164543,2012-09-10 16:32:45,2012-09-10 16:32:18,43998403,8887677406,43998403,202,6013,,https://sra-downloadb.be-md.ncbi.nlm.nih.gov/sos2/sra-pub-run-7/ERR164543/ERR164543.1,ERX140420,LC_S46_nor_Txn1,OTHER,unspecified,TRANSCRIPTOMIC,PAIRED,200,0,ILLUMINA,Illumina HiSeq 2000,ERP001058,PRJEB2784,,204506,ERS158799,SAMEA1499347,simple,9606,Homo sapiens,SAMEA1499347,,,,,,,no,,,,,GMISNU,ERA156312,,public,D5C61B00F60192661489FCF5CE06E93C,5B54730FD12E21228AB2342843F885EE
ERR164544,2012-09-10 16:36:11,2012-09-10 16:33:46,45519810,9195001620,45519810,202,6221,,https://sra-downloadb.be-md.ncbi.nlm.nih.gov/sos2/sra-pub-run-7/ERR164544/ERR164544.1,ERX140421,LC_S47_nor_Txn1,OTHER,unspecified,TRANSCRIPTOMIC,PAIRED,200,0,ILLUMINA,Illumina HiSeq 2000,ERP001058,PRJEB2784,,204506,ERS158800,SAMEA1499249,simple,9606,Homo sapiens,SAMEA1499249,,,,,,,no,,,,,GMISNU,ERA156312,,public,14706AF9024053AF4D356E0457E514E6,ABC2B99F609590917A683B7651C6CBA1
ERR164545,2012-09-10 16:36:11,2012-09-10 16:36:00,52624636,10630176472,52624636,202,7170,,https://sra-downloadb.be-md.ncbi.nlm.nih.gov/sos2/sra-pub-run-7/ERR164545/ERR164545.1,ERX140422,LC_S48_nor_Txn1,OTHER,unspecified,TRANSCRIPTOMIC,PAIRED,200,0,ILLUMINA,Illumina HiSeq 2000,ERP001058,PRJEB2784,,204506,ERS158801,SAMEA1499227,simple,9606,Homo sapiens,SAMEA1499227,,,,,,,no,,,,,GMISNU,ERA156312,,public,2A6E9293D7039192D57D248C7EE05977,C2AFF196A5038EE6726062E380E8C1A1
ERR164546,2012-09-10 16:36:11,2012-09-10 16:34:24,38877419,7853238638,38877419,202,5280,,https://sra-downloadb.be-md.ncbi.nlm.nih.gov/sos2/sra-pub-run-7/ERR164546/ERR164546.1,ERX140423,LC_S49_nor_Txn1,OTHER,unspecified,TRANSCRIPTOMIC,PAIRED,200,0,ILLUMINA,Illumina HiSeq 2000,ERP001058,PRJEB2784,,204506,ERS158802,SAMEA1499232,simple,9606,Homo sapiens,SAMEA1499232,,,,,,,no,,,,,GMISNU,ERA156312,,public,8655B0CEBF4ACEDE7BFF6C966AF3ACFD,3B2F5B11EC4F4AE02BF3E5CBB691D83B
ERR164547,2012-09-10 16:36:11,2012-09-10 16:34:52,37039026,7481883252,37039026,202,5084,,https://sra-downloadb.be-md.ncbi.nlm.nih.gov/sos2/sra-pub-run-7/ERR164547/ERR164547.1,ERX140424,LC_S50_nor_Txn1,OTHER,unspecified,TRANSCRIPTOMIC,PAIRED,200,0,ILLUMINA,Illumina HiSeq 2000,ERP001058,PRJEB2784,,204506,ERS158803,SAMEA1499373,simple,9606,Homo sapiens,SAMEA1499373,,,,,,,no,,,,,GMISNU,ERA156312,,public,8B64995EE99896E81232E1F625C85678,2C1148A6F6B4C280F158B81AAA65C99D
ERR164548,2012-09-10 16:38:18,2012-09-10 16:38:04,39530504,7985161808,39530504,202,5420,,https://sra-downloadb.be-md.ncbi.nlm.nih.gov/sos2/sra-pub-run-7/ERR164548/ERR164548.1,ERX140425,LC_S51_nor_Txn1,OTHER,unspecified,TRANSCRIPTOMIC,PAIRED,200,0,ILLUMINA,Illumina HiSeq 2000,ERP001058,PRJEB2784,,204506,ERS158804,SAMEA1499352,simple,9606,Homo sapiens,SAMEA1499352,,,,,,,no,,,,,GMISNU,ERA156312,,public,CF97CEDD1FBCE50C75016449C863175C,414B31D07E97845CADE810CA4AE7453F
ERR164549,2012-09-10 16:42:13,2012-09-10 16:41:52,46480356,9389031912,46480356,202,6365,,https://sra-downloadb.be-md.ncbi.nlm.nih.gov/sos2/sra-pub-run-7/ERR164549/ERR164549.1,ERX140426,LC_S52_nor_Txn1,OTHER,unspecified,TRANSCRIPTOMIC,PAIRED,200,0,ILLUMINA,Illumina HiSeq 2000,ERP001058,PRJEB2784,,204506,ERS158805,SAMEA1499325,simple,9606,Homo sapiens,SAMEA1499325,,,,,,,no,,,,,GMISNU,ERA156312,,public,0A087797E77D310E9FBC4F06AE127CC6,2C4E086B354D2F5B5AF55502406B2449
ERR164550,2012-09-10 16:42:13,2012-09-10 16:41:16,38747243,7826943086,38747243,202,5197,,https://sra-downloadb.be-md.ncbi.nlm.nih.gov/sos2/sra-pub-run-7/ERR164550/ERR164550.1,ERX140427,LC_C1_Txn1,OTHER,unspecified,TRANSCRIPTOMIC,PAIRED,200,0,ILLUMINA,Illumina HiSeq 2000,ERP001058,PRJEB2784,,204506,ERS167310,SAMEA1499272,simple,9606,Homo sapiens,SAMEA1499272,,,,,,,no,,,,,GMISNU,ERA156312,,public,34D4E274DB720B88F6C7EAFD282C5AB9,4D80D42EFAC9EFABB46AB68D999EB637
ERR164551,2012-09-10 16:41:13,2012-09-10 16:40:37,53607774,10828770348,53607774,202,7178,,https://sra-downloadb.be-md.ncbi.nlm.nih.gov/sos2/sra-pub-run-7/ERR164551/ERR164551.1,ERX140428,LC_C2_Txn1,OTHER,unspecified,TRANSCRIPTOMIC,PAIRED,200,0,ILLUMINA,Illumina HiSeq 2000,ERP001058,PRJEB2784,,204506,ERS167311,SAMEA1499302,simple,9606,Homo sapiens,SAMEA1499302,,,,,,,no,,,,,GMISNU,ERA156312,,public,133D5F76DA4497D1A7981EC3B414035D,F12E3A84FEEE0C61C11591D6C6B8D222
ERR164552,2012-09-10 16:40:16,2012-09-10 16:39:40,41576054,8398362908,41576054,202,5586,,https://sra-downloadb.be-md.ncbi.nlm.nih.gov/sos2/sra-pub-run-7/ERR164552/ERR164552.1,ERX140429,LC_C3_Txn1,OTHER,unspecified,TRANSCRIPTOMIC,PAIRED,200,0,ILLUMINA,Illumina HiSeq 2000,ERP001058,PRJEB2784,,204506,ERS167312,SAMEA1499306,simple,9606,Homo sapiens,SAMEA1499306,,,,,,,no,,,,,GMISNU,ERA156312,,public,6BE489B7FAFE55F8B8E19BA69D4D7B6F,463C3E1A23442B003A3A280978044488
ERR164553,2012-09-10 16:46:13,2012-09-10 16:45:17,46328052,9358266504,46328052,202,6193,,https://sra-downloadb.be-md.ncbi.nlm.nih.gov/sos2/sra-pub-run-7/ERR164553/ERR164553.1,ERX140430,LC_C4_Txn1,OTHER,unspecified,TRANSCRIPTOMIC,PAIRED,200,0,ILLUMINA,Illumina HiSeq 2000,ERP001058,PRJEB2784,,204506,ERS167313,SAMEA1499329,simple,9606,Homo sapiens,SAMEA1499329,,,,,,,no,,,,,GMISNU,ERA156312,,public,A9FC183BA57E319AB23B517DD3712F38,48C0C24CBE988ABEF38ABFF5B0AA735D
ERR164554,2012-09-10 16:47:14,2012-09-10 16:45:52,39009132,7879844664,39009132,202,5295,,https://sra-downloadb.be-md.ncbi.nlm.nih.gov/sos2/sra-pub-run-7/ERR164554/ERR164554.1,ERX140431,LC_C5_Txn1,OTHER,unspecified,TRANSCRIPTOMIC,PAIRED,200,0,ILLUMINA,Illumina HiSeq 2000,ERP001058,PRJEB2784,,204506,ERS167314,SAMEA1499346,simple,9606,Homo sapiens,SAMEA1499346,,,,,,,no,,,,,GMISNU,ERA156312,,public,97C19DDA6EC104AF8E44A6956BF19E7E,0D41A008F2FD75C955A47B3EBA851292
ERR164555,2012-09-10 16:47:14,2012-09-10 16:46:48,46362952,9365316304,46362952,202,6267,,https://sra-downloadb.be-md.ncbi.nlm.nih.gov/sos2/sra-pub-run-7/ERR164555/ERR164555.1,ERX140432,LC_C6_Txn1,OTHER,unspecified,TRANSCRIPTOMIC,PAIRED,200,0,ILLUMINA,Illumina HiSeq 2000,ERP001058,PRJEB2784,,204506,ERS167315,SAMEA1499362,simple,9606,Homo sapiens,SAMEA1499362,,,,,,,no,,,,,GMISNU,ERA156312,,public,FF20793B8AD7759E69EC2484EACD8C72,66BE9779F996A3E69D18CB610506B947
ERR164556,2012-09-10 16:48:13,2012-09-10 16:47:22,45536591,9198391382,45536591,202,6140,,https://sra-downloadb.be-md.ncbi.nlm.nih.gov/sos2/sra-pub-run-7/ERR164556/ERR164556.1,ERX140433,LC_C7_Txn1,OTHER,unspecified,TRANSCRIPTOMIC,PAIRED,200,0,ILLUMINA,Illumina HiSeq 2000,ERP001058,PRJEB2784,,204506,ERS167316,SAMEA1499376,simple,9606,Homo sapiens,SAMEA1499376,,,,,,,no,,,,,GMISNU,ERA156312,,public,1689BB19F7C52F7EA05C4E4D7092A3ED,36CDBC75C95F21ED9F92FD6C3C5861BE
ERR164557,2012-09-10 16:48:13,2012-09-10 16:47:53,47239973,9542474546,47239973,202,6356,,https://sra-downloadb.be-md.ncbi.nlm.nih.gov/sos2/sra-pub-run-7/ERR164557/ERR164557.1,ERX140434,LC_C8_Txn1,OTHER,unspecified,TRANSCRIPTOMIC,PAIRED,200,0,ILLUMINA,Illumina HiSeq 2000,ERP001058,PRJEB2784,,204506,ERS167317,SAMEA1499226,simple,9606,Homo sapiens,SAMEA1499226,,,,,,,no,,,,,GMISNU,ERA156312,,public,D684FBB40F47B2AE01AC94D89F767B78,3218E87F1F126FAF68F34E78FFC7A1A2
ERR164558,2012-09-10 16:47:14,2012-09-10 16:46:15,37259703,7526460006,37259703,202,5038,,https://sra-downloadb.be-md.ncbi.nlm.nih.gov/sos2/sra-pub-run-7/ERR164558/ERR164558.1,ERX140435,LC_C9_Txn1,OTHER,unspecified,TRANSCRIPTOMIC,PAIRED,200,0,ILLUMINA,Illumina HiSeq 2000,ERP001058,PRJEB2784,,204506,ERS167318,SAMEA1499250,simple,9606,Homo sapiens,SAMEA1499250,,,,,,,no,,,,,GMISNU,ERA156312,,public,5ECFBC5C9732EB41A14706DD664E05B8,4AF9BB25E786F8C4A366D6C9139D9153
ERR164559,2012-09-10 16:55:21,2012-09-10 16:54:37,45442873,9179460346,45442873,202,6108,,https://sra-downloadb.be-md.ncbi.nlm.nih.gov/sos2/sra-pub-run-7/ERR164559/ERR164559.1,ERX140436,LC_C10_Txn1,OTHER,unspecified,TRANSCRIPTOMIC,PAIRED,200,0,ILLUMINA,Illumina HiSeq 2000,ERP001058,PRJEB2784,,204506,ERS167319,SAMEA1499277,simple,9606,Homo sapiens,SAMEA1499277,,,,,,,no,,,,,GMISNU,ERA156312,,public,F5D070B12D1CA5A6EAC4B90EFEB0E4F4,5162B001418E8CF735942301F0C48F9D
ERR164560,2012-09-10 16:51:25,2012-09-10 16:50:26,36345502,7341791404,36345502,202,4765,,https://sra-downloadb.be-md.ncbi.nlm.nih.gov/sos2/sra-pub-run-7/ERR164560/ERR164560.1,ERX140437,LC_C11_Txn1,OTHER,unspecified,TRANSCRIPTOMIC,PAIRED,200,0,ILLUMINA,Illumina HiSeq 2000,ERP001058,PRJEB2784,,204506,ERS167320,SAMEA1499328,simple,9606,Homo sapiens,SAMEA1499328,,,,,,,no,,,,,GMISNU,ERA156312,,public,F3EC489FFA7C1F82B10282DEDD23EE03,0EE84BDE283FD0A58D128A8619DFCE35
ERR164561,2012-09-10 16:53:15,2012-09-10 16:52:55,33751833,6817870266,33751833,202,4452,,https://sra-downloadb.be-md.ncbi.nlm.nih.gov/sos2/sra-pub-run-7/ERR164561/ERR164561.1,ERX140438,LC_C12_Txn1,OTHER,unspecified,TRANSCRIPTOMIC,PAIRED,200,0,ILLUMINA,Illumina HiSeq 2000,ERP001058,PRJEB2784,,204506,ERS167321,SAMEA1499305,simple,9606,Homo sapiens,SAMEA1499305,,,,,,,no,,,,,GMISNU,ERA156312,,public,EBFC87DC45AB0884A9A81CEA423F63AB,16E8D613FE0B5A16FE24A5B25CE56D80
ERR164562,2012-09-10 16:50:13,2012-09-10 16:50:08,31575026,6378155252,31575026,202,4142,,https://sra-downloadb.be-md.ncbi.nlm.nih.gov/sos2/sra-pub-run-7/ERR164562/ERR164562.1,ERX140439,LC_C13_Txn1,OTHER,unspecified,TRANSCRIPTOMIC,PAIRED,200,0,ILLUMINA,Illumina HiSeq 2000,ERP001058,PRJEB2784,,204506,ERS167322,SAMEA1499364,simple,9606,Homo sapiens,SAMEA1499364,,,,,,,no,,,,,GMISNU,ERA156312,,public,F1D68575E884BE528E6ADBD360FC9AD0,13DBE5E158D15759F02E39488910C353
ERR164563,2012-09-10 17:03:20,2012-09-10 17:02:56,39577218,7994598036,39577218,202,5161,,https://sra-downloadb.be-md.ncbi.nlm.nih.gov/sos1/sra-pub-run-5/ERR164563/ERR164563.1,ERX140440,LC_C14_Txn1,OTHER,unspecified,TRANSCRIPTOMIC,PAIRED,200,0,ILLUMINA,Illumina HiSeq 2000,ERP001058,PRJEB2784,,204506,ERS167323,SAMEA1499359,simple,9606,Homo sapiens,SAMEA1499359,,,,,,,no,,,,,GMISNU,ERA156312,,public,0D2E2A0251807B06CA6F387DB074200D,487A4068F1668878906C223288553811
ERR164564,2012-09-10 17:06:28,2012-09-10 17:05:37,60172566,12154858332,60172566,202,7888,,https://sra-downloadb.be-md.ncbi.nlm.nih.gov/sos1/sra-pub-run-5/ERR164564/ERR164564.1,ERX140441,LC_C15_Txn1,OTHER,unspecified,TRANSCRIPTOMIC,PAIRED,200,0,ILLUMINA,Illumina HiSeq 2000,ERP001058,PRJEB2784,,204506,ERS167324,SAMEA1499241,simple,9606,Homo sapiens,SAMEA1499241,,,,,,,no,,,,,GMISNU,ERA156312,,public,1F95D9639770289DCFBBFDCC14FC5DA3,DEF3631320DECEF6B8FFB56C05DB5108
ERR164565,2012-09-10 17:03:20,2012-09-10 17:02:48,38599387,7797076174,38599387,202,5025,,https://sra-downloadb.be-md.ncbi.nlm.nih.gov/sos1/sra-pub-run-5/ERR164565/ERR164565.1,ERX140442,LC_C16_Txn1,OTHER,unspecified,TRANSCRIPTOMIC,PAIRED,200,0,ILLUMINA,Illumina HiSeq 2000,ERP001058,PRJEB2784,,204506,ERS167325,SAMEA1499230,simple,9606,Homo sapiens,SAMEA1499230,,,,,,,no,,,,,GMISNU,ERA156312,,public,DE7E8AEEAC41FE04E37652CEC64D9BBA,3D6B22B6090A1F33BBD4E30F71F03AFB
ERR164566,2012-09-10 17:04:12,2012-09-10 17:04:00,37570412,7589223224,37570412,202,4896,,https://sra-downloadb.be-md.ncbi.nlm.nih.gov/sos1/sra-pub-run-5/ERR164566/ERR164566.1,ERX140443,LC_C17_Txn1,OTHER,unspecified,TRANSCRIPTOMIC,PAIRED,200,0,ILLUMINA,Illumina HiSeq 2000,ERP001058,PRJEB2784,,204506,ERS167326,SAMEA1499288,simple,9606,Homo sapiens,SAMEA1499288,,,,,,,no,,,,,GMISNU,ERA156312,,public,9BC58DB5B7C94E3388531EC6558734BF,C8B0C127487BC509A6DBE442F702DA4D
ERR164567,2012-09-10 17:10:23,2012-09-10 17:09:13,43603998,8808007596,43603998,202,5683,,https://sra-downloadb.be-md.ncbi.nlm.nih.gov/sos1/sra-pub-run-5/ERR164567/ERR164567.1,ERX140444,LC_C18_Txn1,OTHER,unspecified,TRANSCRIPTOMIC,PAIRED,200,0,ILLUMINA,Illumina HiSeq 2000,ERP001058,PRJEB2784,,204506,ERS167327,SAMEA1499300,simple,9606,Homo sapiens,SAMEA1499300,,,,,,,no,,,,,GMISNU,ERA156312,,public,F64327B3C53F041F355EDB184D95061D,8ED8A9D054BCE2CB6B57AE171182DC8A
ERR164568,2012-09-10 17:08:13,2012-09-10 17:08:02,39607756,8000766712,39607756,202,5163,,https://sra-downloadb.be-md.ncbi.nlm.nih.gov/sos1/sra-pub-run-5/ERR164568/ERR164568.1,ERX140445,LC_C19_Txn1,OTHER,unspecified,TRANSCRIPTOMIC,PAIRED,200,0,ILLUMINA,Illumina HiSeq 2000,ERP001058,PRJEB2784,,204506,ERS167328,SAMEA1499278,simple,9606,Homo sapiens,SAMEA1499278,,,,,,,no,,,,,GMISNU,ERA156312,,public,0AAFEF9E29047A8AD2764A56C0647511,B7863727099A72C4E1D997B9B242AADF
ERR164569,2012-09-10 17:10:23,2012-09-10 17:09:38,36620521,7397345242,36620521,202,4766,,https://sra-downloadb.be-md.ncbi.nlm.nih.gov/sos1/sra-pub-run-5/ERR164569/ERR164569.1,ERX140446,LC_C20_Txn1,OTHER,unspecified,TRANSCRIPTOMIC,PAIRED,200,0,ILLUMINA,Illumina HiSeq 2000,ERP001058,PRJEB2784,,204506,ERS167329,SAMEA1499331,simple,9606,Homo sapiens,SAMEA1499331,,,,,,,no,,,,,GMISNU,ERA156312,,public,41C5B38544BC9D62CA93E6B105A82E7B,309A3B5F952C02F522017E3F6E4F9232
ERR164570,2012-09-10 17:10:23,2012-09-10 17:09:46,33031428,6672348456,33031428,202,4296,,https://sra-downloadb.be-md.ncbi.nlm.nih.gov/sos1/sra-pub-run-5/ERR164570/ERR164570.1,ERX140447,LC_C21_Txn1,OTHER,unspecified,TRANSCRIPTOMIC,PAIRED,200,0,ILLUMINA,Illumina HiSeq 2000,ERP001058,PRJEB2784,,204506,ERS167330,SAMEA1499322,simple,9606,Homo sapiens,SAMEA1499322,,,,,,,no,,,,,GMISNU,ERA156312,,public,244E1631E6D90B37BCA8D29FA446D473,8C2DFFC3536B34AEBA3CD7AB74AD0F01
ERR164571,2012-09-10 17:10:23,2012-09-10 17:10:04,36827801,7439215802,36827801,202,4864,,https://sra-downloadb.be-md.ncbi.nlm.nih.gov/sos1/sra-pub-run-5/ERR164571/ERR164571.1,ERX140448,LC_C22_Txn1,OTHER,unspecified,TRANSCRIPTOMIC,PAIRED,200,0,ILLUMINA,Illumina HiSeq 2000,ERP001058,PRJEB2784,,204506,ERS167331,SAMEA1499334,simple,9606,Homo sapiens,SAMEA1499334,,,,,,,no,,,,,GMISNU,ERA156312,,public,9F84AE05612C2757077DE8E42B9F1BAE,9C35B4E556544293F1936E031A86C8A0
ERR164572,2012-09-10 17:11:20,2012-09-10 17:10:26,41793708,8442329016,41793708,202,5525,,https://sra-downloadb.be-md.ncbi.nlm.nih.gov/sos1/sra-pub-run-5/ERR164572/ERR164572.1,ERX140449,LC_C23_Txn1,OTHER,unspecified,TRANSCRIPTOMIC,PAIRED,200,0,ILLUMINA,Illumina HiSeq 2000,ERP001058,PRJEB2784,,204506,ERS167332,SAMEA1499284,simple,9606,Homo sapiens,SAMEA1499284,,,,,,,no,,,,,GMISNU,ERA156312,,public,E07DBD1E51CB6A20DB4792C02840D397,F16FB62817AF7F609B9657F593C3FEB1
ERR164573,2012-09-10 17:12:11,2012-09-10 17:11:17,34446009,6958093818,34446009,202,4564,,https://sra-downloadb.be-md.ncbi.nlm.nih.gov/sos1/sra-pub-run-5/ERR164573/ERR164573.1,ERX140450,LC_C24_Txn1,OTHER,unspecified,TRANSCRIPTOMIC,PAIRED,200,0,ILLUMINA,Illumina HiSeq 2000,ERP001058,PRJEB2784,,204506,ERS167333,SAMEA1499264,simple,9606,Homo sapiens,SAMEA1499264,,,,,,,no,,,,,GMISNU,ERA156312,,public,7573BEA1B9698111DB2E5284F2174334,16C1D87E1942394A6858AF3278542515
ERR164574,2012-09-10 17:17:14,2012-09-10 17:17:06,40862036,8254131272,40862036,202,5420,,https://sra-downloadb.be-md.ncbi.nlm.nih.gov/sos1/sra-pub-run-5/ERR164574/ERR164574.1,ERX140451,LC_C25_Txn1,OTHER,unspecified,TRANSCRIPTOMIC,PAIRED,200,0,ILLUMINA,Illumina HiSeq 2000,ERP001058,PRJEB2784,,204506,ERS167334,SAMEA1499254,simple,9606,Homo sapiens,SAMEA1499254,,,,,,,no,,,,,GMISNU,ERA156312,,public,239336930ACE202EFEF46D713EA6D880,B71F0AA41C292A224E738EABB9EDA4E6
ERR164575,2012-09-10 17:18:31,2012-09-10 17:17:40,41035150,8289100300,41035150,202,5392,,https://sra-downloadb.be-md.ncbi.nlm.nih.gov/sos1/sra-pub-run-5/ERR164575/ERR164575.1,ERX140452,LC_C26_Txn1,OTHER,unspecified,TRANSCRIPTOMIC,PAIRED,200,0,ILLUMINA,Illumina HiSeq 2000,ERP001058,PRJEB2784,,204506,ERS167335,SAMEA1499239,simple,9606,Homo sapiens,SAMEA1499239,,,,,,,no,,,,,GMISNU,ERA156312,,public,4F35124DE4A4F963EFCC63AE896E2055,E68DD1FC2C8FD7FB95EA45901C6261A7
ERR164576,2012-09-10 17:14:14,2012-09-10 17:13:35,40104031,8101014262,40104031,202,5275,,https://sra-downloadb.be-md.ncbi.nlm.nih.gov/sos1/sra-pub-run-5/ERR164576/ERR164576.1,ERX140453,LC_C27_Txn1,OTHER,unspecified,TRANSCRIPTOMIC,PAIRED,200,0,ILLUMINA,Illumina HiSeq 2000,ERP001058,PRJEB2784,,204506,ERS167336,SAMEA1499380,simple,9606,Homo sapiens,SAMEA1499380,,,,,,,no,,,,,GMISNU,ERA156312,,public,28DAF06CA4BDDE46262B0D64835A61B8,A1C492835A746D6D051636B80BFAC5C9
ERR164577,2012-09-10 17:17:14,2012-09-10 17:16:16,52965117,10698953634,52965117,202,6695,,https://sra-downloadb.be-md.ncbi.nlm.nih.gov/sos1/sra-pub-run-5/ERR164577/ERR164577.1,ERX140454,LC_C28_Txn1,OTHER,unspecified,TRANSCRIPTOMIC,PAIRED,200,0,ILLUMINA,Illumina HiSeq 2000,ERP001058,PRJEB2784,,204506,ERS167337,SAMEA1499355,simple,9606,Homo sapiens,SAMEA1499355,,,,,,,no,,,,,GMISNU,ERA156312,,public,19470CF611FADF4853E9DD483D3FAE9D,0745DDCAE6240AE7088E973C8773ED57
ERR164578,2012-09-10 17:21:15,2012-09-10 17:20:57,52251114,10554725028,52251114,202,6605,,https://sra-downloadb.be-md.ncbi.nlm.nih.gov/sos1/sra-pub-run-5/ERR164578/ERR164578.1,ERX140455,LC_C29_Txn1,OTHER,unspecified,TRANSCRIPTOMIC,PAIRED,200,0,ILLUMINA,Illumina HiSeq 2000,ERP001058,PRJEB2784,,204506,ERS167338,SAMEA1499342,simple,9606,Homo sapiens,SAMEA1499342,,,,,,,no,,,,,GMISNU,ERA156312,,public,0158EE0B25E4C2E2CE96584DE9C36625,47194D0AB428272059B192849A017CBE
ERR164579,2012-09-10 17:20:14,2012-09-10 17:19:47,50680901,10237542002,50680901,202,6449,,https://sra-downloadb.be-md.ncbi.nlm.nih.gov/sos1/sra-pub-run-5/ERR164579/ERR164579.1,ERX140456,LC_C30_Txn1,OTHER,unspecified,TRANSCRIPTOMIC,PAIRED,200,0,ILLUMINA,Illumina HiSeq 2000,ERP001058,PRJEB2784,,204506,ERS167339,SAMEA1499323,simple,9606,Homo sapiens,SAMEA1499323,,,,,,,no,,,,,GMISNU,ERA156312,,public,9484591E40F7C6F0B38CB9E8AA85ECF6,8DF3523441C6975390D46A6DA8128BD5
ERR164580,2012-09-10 17:19:15,2012-09-10 17:18:57,53023203,10710687006,53023203,202,6929,,https://sra-downloadb.be-md.ncbi.nlm.nih.gov/sos1/sra-pub-run-5/ERR164580/ERR164580.1,ERX140457,LC_C31_Txn1,OTHER,unspecified,TRANSCRIPTOMIC,PAIRED,200,0,ILLUMINA,Illumina HiSeq 2000,ERP001058,PRJEB2784,,204506,ERS167340,SAMEA1499339,simple,9606,Homo sapiens,SAMEA1499339,,,,,,,no,,,,,GMISNU,ERA156312,,public,0D72E60BD13BFBF40DBC9DA06416142A,5FC554475D55ACD34B0C11FC8414229A
ERR164581,2012-09-10 17:32:10,2012-09-10 17:31:40,57411180,11597058360,57411180,202,7489,,https://sra-downloadb.be-md.ncbi.nlm.nih.gov/sos2/sra-pub-run-7/ERR164581/ERR164581.1,ERX140458,LC_C32_Txn1,OTHER,unspecified,TRANSCRIPTOMIC,PAIRED,200,0,ILLUMINA,Illumina HiSeq 2000,ERP001058,PRJEB2784,,204506,ERS167341,SAMEA1499357,simple,9606,Homo sapiens,SAMEA1499357,,,,,,,no,,,,,GMISNU,ERA156312,,public,D5DD0435462EBC4367CBBFAFF93E6BD7,8B648699955D4839F141C4A315169FD3
ERR164582,2012-09-10 17:36:02,2012-09-10 17:35:08,56634311,11440130822,56634311,202,7401,,https://sra-downloadb.be-md.ncbi.nlm.nih.gov/sos2/sra-pub-run-7/ERR164582/ERR164582.1,ERX140459,LC_C33_Txn1,OTHER,unspecified,TRANSCRIPTOMIC,PAIRED,200,0,ILLUMINA,Illumina HiSeq 2000,ERP001058,PRJEB2784,,204506,ERS167342,SAMEA1499345,simple,9606,Homo sapiens,SAMEA1499345,,,,,,,no,,,,,GMISNU,ERA156312,,public,3CEC54325D10E9755BD5AAAF53C65E62,325FA2CDD370AB1DEBBBF189743C726F
ERR164583,2012-09-10 17:39:54,2012-09-10 17:38:04,49876146,10074981492,49876146,202,6551,,https://sra-downloadb.be-md.ncbi.nlm.nih.gov/sos2/sra-pub-run-7/ERR164583/ERR164583.1,ERX140460,LC_C34_Txn1,OTHER,unspecified,TRANSCRIPTOMIC,PAIRED,200,0,ILLUMINA,Illumina HiSeq 2000,ERP001058,PRJEB2784,,204506,ERS167343,SAMEA1499366,simple,9606,Homo sapiens,SAMEA1499366,,,,,,,no,,,,,GMISNU,ERA156312,,public,98DE8A4980CD7EAA2982648A3EFF2F36,AA4983E8EF1CA311D4A8496CE31A2E5F
ERR164584,2012-09-10 17:39:54,2012-09-10 17:38:41,50381230,10177008460,50381230,202,6640,,https://sra-downloadb.be-md.ncbi.nlm.nih.gov/sos2/sra-pub-run-7/ERR164584/ERR164584.1,ERX140461,LC_C35_Txn1,OTHER,unspecified,TRANSCRIPTOMIC,PAIRED,200,0,ILLUMINA,Illumina HiSeq 2000,ERP001058,PRJEB2784,,204506,ERS167344,SAMEA1499222,simple,9606,Homo sapiens,SAMEA1499222,,,,,,,no,,,,,GMISNU,ERA156312,,public,54CE20EDC76B308F1C99B1AD34ED0CC4,4883B680A73F272AA282FAB49FA0D025
ERR164585,2012-09-10 17:39:54,2012-09-10 17:37:58,41887225,8461219450,41887225,202,5515,,https://sra-downloadb.be-md.ncbi.nlm.nih.gov/sos2/sra-pub-run-7/ERR164585/ERR164585.1,ERX140462,LC_C36_Txn1,OTHER,unspecified,TRANSCRIPTOMIC,PAIRED,200,0,ILLUMINA,Illumina HiSeq 2000,ERP001058,PRJEB2784,,204506,ERS167345,SAMEA1499257,simple,9606,Homo sapiens,SAMEA1499257,,,,,,,no,,,,,GMISNU,ERA156312,,public,C57F7AA6842E16F25778CC157994969A,94B71F962A3F11638F6E4C9008896728
ERR164586,2012-09-10 17:39:54,2012-09-10 17:37:00,35597808,7190757216,35597808,202,4767,,https://sra-downloadb.be-md.ncbi.nlm.nih.gov/sos2/sra-pub-run-7/ERR164586/ERR164586.1,ERX140463,LC_S6_Txn1,OTHER,unspecified,TRANSCRIPTOMIC,PAIRED,200,0,ILLUMINA,Illumina HiSeq 2000,ERP001058,PRJEB2784,,204506,ERS167346,SAMEA1499280,simple,9606,Homo sapiens,SAMEA1499280,,,,,,,no,,,,,GMISNU,ERA156312,,public,13061A92AE9801394706E715DA18251E,DB5CED603B12B284506DFB9DFEBA46FF
ERR164587,2012-09-10 17:37:14,2012-09-10 17:36:09,47315689,9557769178,47315689,202,5966,,https://sra-downloadb.be-md.ncbi.nlm.nih.gov/sos2/sra-pub-run-7/ERR164587/ERR164587.1,ERX140464,LC_S6_Txn1,OTHER,unspecified,TRANSCRIPTOMIC,PAIRED,200,0,ILLUMINA,Illumina HiSeq 2000,ERP001058,PRJEB2784,,204506,ERS167346,SAMEA1499280,simple,9606,Homo sapiens,SAMEA1499280,,,,,,,no,,,,,GMISNU,ERA156312,,public,6886866E28E3EEAB130FEE3CE8D0986D,862FBE621F67304847AEE7A212BE443D
ERR164588,2012-09-10 17:39:54,2012-09-10 17:37:37,22541432,4553369264,22541432,202,3017,,https://sra-downloadb.be-md.ncbi.nlm.nih.gov/sos2/sra-pub-run-7/ERR164588/ERR164588.1,ERX140465,LC_S8_Txn1,OTHER,unspecified,TRANSCRIPTOMIC,PAIRED,200,0,ILLUMINA,Illumina HiSeq 2000,ERP001058,PRJEB2784,,204506,ERS167347,SAMEA1499299,simple,9606,Homo sapiens,SAMEA1499299,,,,,,,no,,,,,GMISNU,ERA156312,,public,26A08AB2D24AE4A0D792684DAF80F331,EFB4B88DFD32B76FFAFBEBA83F0A32FB
ERR164589,2012-09-10 17:50:12,2012-09-10 17:49:53,109352960,22089297920,109352960,202,14634,,https://sra-downloadb.be-md.ncbi.nlm.nih.gov/sos2/sra-pub-run-7/ERR164589/ERR164589.1,ERX140466,LC_S9_Txn1,OTHER,unspecified,TRANSCRIPTOMIC,PAIRED,200,0,ILLUMINA,Illumina HiSeq 2000,ERP001058,PRJEB2784,,204506,ERS167348,SAMEA1499324,simple,9606,Homo sapiens,SAMEA1499324,,,,,,,no,,,,,GMISNU,ERA156312,,public,83C22C63ABA9E8E920B12C4F096D2684,BC22757CC1C4F8BB8E819074330851E1
ERR164590,2012-09-10 17:41:12,2012-09-10 17:40:57,25639079,5179093958,25639079,202,3445,,https://sra-downloadb.be-md.ncbi.nlm.nih.gov/sos2/sra-pub-run-7/ERR164590/ERR164590.1,ERX140467,LC_S10_Txn1,OTHER,unspecified,TRANSCRIPTOMIC,PAIRED,200,0,ILLUMINA,Illumina HiSeq 2000,ERP001058,PRJEB2784,,204506,ERS167349,SAMEA1499332,simple,9606,Homo sapiens,SAMEA1499332,,,,,,,no,,,,,GMISNU,ERA156312,,public,B634B1752A55CF715C0935DA6239CDF1,2E376BED79566AE59BB3502F979CE741
ERR164591,2012-09-10 17:47:17,2012-09-10 17:47:06,40642669,8209819138,40642669,202,5408,,https://sra-downloadb.be-md.ncbi.nlm.nih.gov/sos2/sra-pub-run-7/ERR164591/ERR164591.1,ERX140468,LC_S11_Txn1,OTHER,unspecified,TRANSCRIPTOMIC,PAIRED,200,0,ILLUMINA,Illumina HiSeq 2000,ERP001058,PRJEB2784,,204506,ERS167350,SAMEA1499326,simple,9606,Homo sapiens,SAMEA1499326,,,,,,,no,,,,,GMISNU,ERA156312,,public,C7484C840EDD52FD9C21AA95EB89F8D0,6D07EB7B8565D0994E56D550771EA5CF
ERR164592,2012-09-10 17:49:13,2012-09-10 17:49:02,86232574,17418979948,86232574,202,11485,,https://sra-downloadb.be-md.ncbi.nlm.nih.gov/sos1/sra-pub-run-5/ERR164592/ERR164592.1,ERX140469,LC_S12_Txn1,OTHER,unspecified,TRANSCRIPTOMIC,PAIRED,200,0,ILLUMINA,Illumina HiSeq 2000,ERP001058,PRJEB2784,,204506,ERS167351,SAMEA1499266,simple,9606,Homo sapiens,SAMEA1499266,,,,,,,no,,,,,GMISNU,ERA156312,,public,9047C312F53CB79638F356F2526856AF,669C01BDBEF6931CEFDE28CCF421788C
ERR164593,2012-09-10 17:47:17,2012-09-10 17:46:57,39817881,8043211962,39817881,202,5320,,https://sra-downloadb.be-md.ncbi.nlm.nih.gov/sos1/sra-pub-run-5/ERR164593/ERR164593.1,ERX140470,LC_S13_Txn1,OTHER,unspecified,TRANSCRIPTOMIC,PAIRED,200,0,ILLUMINA,Illumina HiSeq 2000,ERP001058,PRJEB2784,,204506,ERS167352,SAMEA1499292,simple,9606,Homo sapiens,SAMEA1499292,,,,,,,no,,,,,GMISNU,ERA156312,,public,EDC2DB09C0DFF837B2AD869E3CE89B5C,E6AE276CF146E5578184E54F67290FB1
ERR164594,2012-09-10 17:43:20,2012-09-10 17:42:48,35208393,7112095386,35208393,202,4723,,https://sra-downloadb.be-md.ncbi.nlm.nih.gov/sos1/sra-pub-run-5/ERR164594/ERR164594.1,ERX140471,LC_S14_Txn1,OTHER,unspecified,TRANSCRIPTOMIC,PAIRED,200,0,ILLUMINA,Illumina HiSeq 2000,ERP001058,PRJEB2784,,204506,ERS167353,SAMEA1499296,simple,9606,Homo sapiens,SAMEA1499296,,,,,,,no,,,,,GMISNU,ERA156312,,public,BDB94C2CDF2C9A5716A92315101B1948,CC88B152E7BE840A55EBCCFB64332731
ERR164595,2012-09-10 17:46:12,2012-09-10 17:45:22,55195368,11149464336,55195368,202,7528,,https://sra-downloadb.be-md.ncbi.nlm.nih.gov/sos1/sra-pub-run-5/ERR164595/ERR164595.1,ERX140472,LC_S15_Txn1,OTHER,unspecified,TRANSCRIPTOMIC,PAIRED,200,0,ILLUMINA,Illumina HiSeq 2000,ERP001058,PRJEB2784,,204506,ERS167354,SAMEA1499233,simple,9606,Homo sapiens,SAMEA1499233,,,,,,,no,,,,,GMISNU,ERA156312,,public,CEE14373D7CA49142D426C3585D806D3,11668A4B62D76056F5BA9FC214260FE7
ERR164596,2012-09-10 17:45:15,2012-09-10 17:44:25,10939116,2209701432,10939116,202,1510,,https://sra-downloadb.be-md.ncbi.nlm.nih.gov/sos1/sra-pub-run-5/ERR164596/ERR164596.1,ERX140473,LC_S16_Txn1,OTHER,unspecified,TRANSCRIPTOMIC,PAIRED,200,0,ILLUMINA,Illumina HiSeq 2000,ERP001058,PRJEB2784,,204506,ERS167355,SAMEA1499260,simple,9606,Homo sapiens,SAMEA1499260,,,,,,,no,,,,,GMISNU,ERA156312,,public,A3B680B05B42EE65868F4AB18DD77168,ADBE0E114532D55FD44F02D541F17B24
ERR164597,2012-09-10 17:49:13,2012-09-10 17:48:58,34210780,6910577560,34210780,202,4467,,https://sra-downloadb.be-md.ncbi.nlm.nih.gov/sos1/sra-pub-run-5/ERR164597/ERR164597.1,ERX140474,LC_S16_Txn1,OTHER,unspecified,TRANSCRIPTOMIC,PAIRED,200,0,ILLUMINA,Illumina HiSeq 2000,ERP001058,PRJEB2784,,204506,ERS167355,SAMEA1499260,simple,9606,Homo sapiens,SAMEA1499260,,,,,,,no,,,,,GMISNU,ERA156312,,public,C8E218820276255EDB48169649C385F0,7AE8057706F26250CB490440D54E27D2
ERR164598,2012-09-10 17:48:12,2012-09-10 17:47:58,16098438,3251884476,16098438,202,2227,,https://sra-downloadb.be-md.ncbi.nlm.nih.gov/sos1/sra-pub-run-5/ERR164598/ERR164598.1,ERX140475,LC_S17_Txn1,OTHER,unspecified,TRANSCRIPTOMIC,PAIRED,200,0,ILLUMINA,Illumina HiSeq 2000,ERP001058,PRJEB2784,,204506,ERS167356,SAMEA1499358,simple,9606,Homo sapiens,SAMEA1499358,,,,,,,no,,,,,GMISNU,ERA156312,,public,3AFEE8B6DD62B8699276B66B94AD8B63,88A17558D20D00CFE5D57647F6BC5144
ERR164599,2012-09-10 17:53:22,2012-09-10 17:52:40,36233458,7319158516,36233458,202,4723,,https://sra-downloadb.be-md.ncbi.nlm.nih.gov/sos1/sra-pub-run-5/ERR164599/ERR164599.1,ERX140476,LC_S17_Txn1,OTHER,unspecified,TRANSCRIPTOMIC,PAIRED,200,0,ILLUMINA,Illumina HiSeq 2000,ERP001058,PRJEB2784,,204506,ERS167356,SAMEA1499358,simple,9606,Homo sapiens,SAMEA1499358,,,,,,,no,,,,,GMISNU,ERA156312,,public,7FD8B82700ECD8101AE2D5F7C6F1F431,CC08F5B19592DBF583536B4ADB0646CA
ERR164600,2012-09-10 18:05:11,2012-09-10 18:04:40,96081958,19408555516,96081958,202,13092,,https://sra-downloadb.be-md.ncbi.nlm.nih.gov/sos1/sra-pub-run-5/ERR164600/ERR164600.1,ERX140477,LC_S18_Txn1,OTHER,unspecified,TRANSCRIPTOMIC,PAIRED,200,0,ILLUMINA,Illumina HiSeq 2000,ERP001058,PRJEB2784,,204506,ERS167357,SAMEA1499378,simple,9606,Homo sapiens,SAMEA1499378,,,,,,,no,,,,,GMISNU,ERA156312,,public,62A04A05F9664E698F30BB5A4B12917F,726F8F589C4B6124C137D51168173992
ERR164601,2012-09-10 17:54:11,2012-09-10 17:53:40,60414304,12203689408,60414304,202,8258,,https://sra-downloadb.be-md.ncbi.nlm.nih.gov/sos1/sra-pub-run-5/ERR164601/ERR164601.1,ERX140478,LC_S19_Txn1,OTHER,unspecified,TRANSCRIPTOMIC,PAIRED,200,0,ILLUMINA,Illumina HiSeq 2000,ERP001058,PRJEB2784,,204506,ERS167358,SAMEA1499313,simple,9606,Homo sapiens,SAMEA1499313,,,,,,,no,,,,,GMISNU,ERA156312,,public,A04BD4800D97B67273D2C933F7323043,FCD22981B51E909A66B2F45FDFBF9E38
ERR164602,2012-09-10 18:01:13,2012-09-10 18:00:16,57662415,11647807830,57662415,202,7848,,https://sra-downloadb.be-md.ncbi.nlm.nih.gov/sos1/sra-pub-run-5/ERR164602/ERR164602.1,ERX140479,LC_S20_Txn1,OTHER,unspecified,TRANSCRIPTOMIC,PAIRED,200,0,ILLUMINA,Illumina HiSeq 2000,ERP001058,PRJEB2784,,204506,ERS167359,SAMEA1499333,simple,9606,Homo sapiens,SAMEA1499333,,,,,,,no,,,,,GMISNU,ERA156312,,public,B43EFE36365ABF78175C7144B67784FB,76ADD2EF82E435332F0C6E97F53CFFA1
ERR164603,2012-09-10 18:02:15,2012-09-10 18:01:31,63856760,12899065520,63856760,202,8664,,https://sra-downloadb.be-md.ncbi.nlm.nih.gov/sos1/sra-pub-run-5/ERR164603/ERR164603.1,ERX140480,LC_S21_Txn1,OTHER,unspecified,TRANSCRIPTOMIC,PAIRED,200,0,ILLUMINA,Illumina HiSeq 2000,ERP001058,PRJEB2784,,204506,ERS167360,SAMEA1499268,simple,9606,Homo sapiens,SAMEA1499268,,,,,,,no,,,,,GMISNU,ERA156312,,public,0AAC49FE90FF1E6CB3667B833931CD9E,FD095351E046C54EABB38F1EB8BB320F
ERR164604,2012-09-10 17:56:11,2012-09-10 17:55:19,52237502,10551975404,52237502,202,7102,,https://sra-downloadb.be-md.ncbi.nlm.nih.gov/sos1/sra-pub-run-5/ERR164604/ERR164604.1,ERX140481,LC_S22_Txn1,OTHER,unspecified,TRANSCRIPTOMIC,PAIRED,200,0,ILLUMINA,Illumina HiSeq 2000,ERP001058,PRJEB2784,,204506,ERS167361,SAMEA1499251,simple,9606,Homo sapiens,SAMEA1499251,,,,,,,no,,,,,GMISNU,ERA156312,,public,53314D884A96E2B2C1F3CA1A71051929,8DE50C42293BED02177D882568A655ED
ERR164605,2012-09-10 17:59:15,2012-09-10 17:58:06,55302491,11171103182,55302491,202,7478,,https://sra-downloadb.be-md.ncbi.nlm.nih.gov/sos1/sra-pub-run-5/ERR164605/ERR164605.1,ERX140482,LC_S23_Txn1,OTHER,unspecified,TRANSCRIPTOMIC,PAIRED,200,0,ILLUMINA,Illumina HiSeq 2000,ERP001058,PRJEB2784,,204506,ERS167362,SAMEA1499235,simple,9606,Homo sapiens,SAMEA1499235,,,,,,,no,,,,,GMISNU,ERA156312,,public,EC356E94A59EF1BCB6B4D11B95EA5D38,65CCB249B323202F9F523A90FFC7B8B5
ERR164606,2012-09-10 18:05:11,2012-09-10 18:04:21,65138060,13157888120,65138060,202,8848,,https://sra-downloadb.be-md.ncbi.nlm.nih.gov/sos1/sra-pub-run-5/ERR164606/ERR164606.1,ERX140483,LC_S24_Txn1,OTHER,unspecified,TRANSCRIPTOMIC,PAIRED,200,0,ILLUMINA,Illumina HiSeq 2000,ERP001058,PRJEB2784,,204506,ERS167363,SAMEA1499261,simple,9606,Homo sapiens,SAMEA1499261,,,,,,,no,,,,,GMISNU,ERA156312,,public,EF739622F9C27C3743D102354F4608F6,5608B1B444ADE80F7B43A6889D9880EB
ERR164607,2012-09-10 18:06:31,2012-09-10 18:06:00,61863976,12496523152,61863976,202,8398,,https://sra-downloadb.be-md.ncbi.nlm.nih.gov/sos1/sra-pub-run-5/ERR164607/ERR164607.1,ERX140484,LC_S25_Txn1,OTHER,unspecified,TRANSCRIPTOMIC,PAIRED,200,0,ILLUMINA,Illumina HiSeq 2000,ERP001058,PRJEB2784,,204506,ERS167364,SAMEA1499240,simple,9606,Homo sapiens,SAMEA1499240,,,,,,,no,,,,,GMISNU,ERA156312,,public,054FB256DAE4800F37F1B75A87171859,7B7A8BB8862863E2764A073E73B95895
ERR164608,2012-09-10 18:10:20,2012-09-10 18:09:44,60720273,12265495146,60720273,202,8246,,https://sra-downloadb.be-md.ncbi.nlm.nih.gov/sos1/sra-pub-run-5/ERR164608/ERR164608.1,ERX140485,LC_S26_Txn1,OTHER,unspecified,TRANSCRIPTOMIC,PAIRED,200,0,ILLUMINA,Illumina HiSeq 2000,ERP001058,PRJEB2784,,204506,ERS167365,SAMEA1499224,simple,9606,Homo sapiens,SAMEA1499224,,,,,,,no,,,,,GMISNU,ERA156312,,public,EEB4C6FCEC0A8410A9AECA25B69FF6D5,C5ED2E85AAAD984B34CAECC7AD58B888
ERR164609,2012-09-10 18:14:13,2012-09-10 18:13:09,57606955,11636604910,57606955,202,7798,,https://sra-downloadb.be-md.ncbi.nlm.nih.gov/sos1/sra-pub-run-5/ERR164609/ERR164609.1,ERX140486,LC_S27_Txn1,OTHER,unspecified,TRANSCRIPTOMIC,PAIRED,200,0,ILLUMINA,Illumina HiSeq 2000,ERP001058,PRJEB2784,,204506,ERS167366,SAMEA1499291,simple,9606,Homo sapiens,SAMEA1499291,,,,,,,no,,,,,GMISNU,ERA156312,,public,28FDF487EAFFA42708E99476D2F0EC9C,E054EF911A109FFC555B77154BE69023
ERR164610,2012-09-10 18:15:14,2012-09-10 18:14:44,54933146,11096495492,54933146,202,7298,,https://sra-downloadb.be-md.ncbi.nlm.nih.gov/sos1/sra-pub-run-5/ERR164610/ERR164610.1,ERX140487,LC_S28_Txn1,OTHER,unspecified,TRANSCRIPTOMIC,PAIRED,200,0,ILLUMINA,Illumina HiSeq 2000,ERP001058,PRJEB2784,,204506,ERS167367,SAMEA1499276,simple,9606,Homo sapiens,SAMEA1499276,,,,,,,no,,,,,GMISNU,ERA156312,,public,CA4158A51A1A2D96C63E161091507612,66771188C420A047F0D6662A64B3CBC6
ERR164611,2012-09-10 18:18:11,2012-09-10 18:17:04,63317174,12790069148,63317174,202,8426,,https://sra-downloadb.be-md.ncbi.nlm.nih.gov/sos1/sra-pub-run-5/ERR164611/ERR164611.1,ERX140488,LC_S29_Txn1,OTHER,unspecified,TRANSCRIPTOMIC,PAIRED,200,0,ILLUMINA,Illumina HiSeq 2000,ERP001058,PRJEB2784,,204506,ERS167368,SAMEA1499341,simple,9606,Homo sapiens,SAMEA1499341,,,,,,,no,,,,,GMISNU,ERA156312,,public,E8C291D560A14C12A5FE32F507A3FADA,588EA779CDA422AA825D6288DA3FF3ED
ERR164612,2012-09-10 18:15:14,2012-09-10 18:14:13,55724222,11256292844,55724222,202,7464,,https://sra-downloadb.be-md.ncbi.nlm.nih.gov/sos1/sra-pub-run-5/ERR164612/ERR164612.1,ERX140489,LC_S30_Txn1,OTHER,unspecified,TRANSCRIPTOMIC,PAIRED,200,0,ILLUMINA,Illumina HiSeq 2000,ERP001058,PRJEB2784,,204506,ERS167369,SAMEA1499310,simple,9606,Homo sapiens,SAMEA1499310,,,,,,,no,,,,,GMISNU,ERA156312,,public,D35536EBDBA898679C04CE1634387373,BB6BA369FF3AFF7354CA65798AD3FD9D
ERR164613,2012-09-10 18:16:12,2012-09-10 18:15:16,67129037,13560065474,67129037,202,8940,,https://sra-downloadb.be-md.ncbi.nlm.nih.gov/sos1/sra-pub-run-5/ERR164613/ERR164613.1,ERX140490,LC_S31_Txn1,OTHER,unspecified,TRANSCRIPTOMIC,PAIRED,200,0,ILLUMINA,Illumina HiSeq 2000,ERP001058,PRJEB2784,,204506,ERS167370,SAMEA1499367,simple,9606,Homo sapiens,SAMEA1499367,,,,,,,no,,,,,GMISNU,ERA156312,,public,0F095839995D1519A37C1FFA9325F3AD,44A9BC2DD53F807709010B4A0E9AACB1
ERR164614,2012-09-10 18:18:11,2012-09-10 18:17:32,57751163,11665734926,57751163,202,7786,,https://sra-downloadb.be-md.ncbi.nlm.nih.gov/sos1/sra-pub-run-5/ERR164614/ERR164614.1,ERX140491,LC_S32_Txn1,OTHER,unspecified,TRANSCRIPTOMIC,PAIRED,200,0,ILLUMINA,Illumina HiSeq 2000,ERP001058,PRJEB2784,,204506,ERS167371,SAMEA1499237,simple,9606,Homo sapiens,SAMEA1499237,,,,,,,no,,,,,GMISNU,ERA156312,,public,A720DB63D2E0B266E07E03F262B8FBB9,B7256768B8F184582C955AA2724BE1E9
ERR164615,2012-09-10 18:22:21,2012-09-10 18:21:26,63332457,12793156314,63332457,202,8528,,https://sra-downloadb.be-md.ncbi.nlm.nih.gov/sos1/sra-pub-run-5/ERR164615/ERR164615.1,ERX140492,LC_S33_Txn1,OTHER,unspecified,TRANSCRIPTOMIC,PAIRED,200,0,ILLUMINA,Illumina HiSeq 2000,ERP001058,PRJEB2784,,204506,ERS167372,SAMEA1499245,simple,9606,Homo sapiens,SAMEA1499245,,,,,,,no,,,,,GMISNU,ERA156312,,public,0904A5D200B389873515D2F3EFB917EC,98C021BC45C3B9E62DE7FA3894BCFC88
ERR164616,2012-09-10 18:23:21,2012-09-10 18:23:05,61887903,12501356406,61887903,202,8358,,https://sra-downloadb.be-md.ncbi.nlm.nih.gov/sos1/sra-pub-run-5/ERR164616/ERR164616.1,ERX140493,LC_S34_Txn1,OTHER,unspecified,TRANSCRIPTOMIC,PAIRED,200,0,ILLUMINA,Illumina HiSeq 2000,ERP001058,PRJEB2784,,204506,ERS167373,SAMEA1499265,simple,9606,Homo sapiens,SAMEA1499265,,,,,,,no,,,,,GMISNU,ERA156312,,public,B7E229DDD25359A8AE39BC73022F8460,D4E448668AAC027563C1E61CB29FB40F
ERR164617,2012-09-10 17:00:28,2012-09-10 16:59:22,54159676,10940254552,54159676,202,7296,,https://sra-downloadb.be-md.ncbi.nlm.nih.gov/sos2/sra-pub-run-7/ERR164617/ERR164617.1,ERX140494,LC_S35_Txn1,OTHER,unspecified,TRANSCRIPTOMIC,PAIRED,200,0,ILLUMINA,Illumina HiSeq 2000,ERP001058,PRJEB2784,,204506,ERS167374,SAMEA1499287,simple,9606,Homo sapiens,SAMEA1499287,,,,,,,no,,,,,GMISNU,ERA156312,,public,61312368DFCB745B0F825F3428CCAAB6,676FD6C66D65C542DAAD5A8F2B6CB43F
ERR164618,2012-09-10 16:58:17,2012-09-10 16:57:22,49749450,10049388900,49749450,202,6771,,https://sra-downloadb.be-md.ncbi.nlm.nih.gov/sos2/sra-pub-run-7/ERR164618/ERR164618.1,ERX140495,LC_S36_Txn1,OTHER,unspecified,TRANSCRIPTOMIC,PAIRED,200,0,ILLUMINA,Illumina HiSeq 2000,ERP001058,PRJEB2784,,204506,ERS167375,SAMEA1499293,simple,9606,Homo sapiens,SAMEA1499293,,,,,,,no,,,,,GMISNU,ERA156312,,public,D94D421FBC9E9CD8A3498AD45F912800,630BA0E642B9A4E78AEC23933460BBBC
ERR164619,2012-09-10 17:04:12,2012-09-10 17:03:37,67385676,13611906552,67385676,202,9156,,https://sra-downloadb.be-md.ncbi.nlm.nih.gov/sos2/sra-pub-run-7/ERR164619/ERR164619.1,ERX140496,LC_S37_Txn1,OTHER,unspecified,TRANSCRIPTOMIC,PAIRED,200,0,ILLUMINA,Illumina HiSeq 2000,ERP001058,PRJEB2784,,204506,ERS167376,SAMEA1499315,simple,9606,Homo sapiens,SAMEA1499315,,,,,,,no,,,,,GMISNU,ERA156312,,public,894683E68E1E070558EF0CCA71D8434B,B15F647670B9FD76843512B64E8C8F63
ERR164620,2012-09-10 16:57:13,2012-09-10 16:56:35,60253340,12171174680,60253340,202,8194,,https://sra-downloadb.be-md.ncbi.nlm.nih.gov/sos1/sra-pub-run-5/ERR164620/ERR164620.1,ERX140497,LC_S38_Txn1,OTHER,unspecified,TRANSCRIPTOMIC,PAIRED,200,0,ILLUMINA,Illumina HiSeq 2000,ERP001058,PRJEB2784,,204506,ERS167377,SAMEA1499335,simple,9606,Homo sapiens,SAMEA1499335,,,,,,,no,,,,,GMISNU,ERA156312,,public,0621B88659EE7982456E213A9E4A29FC,762484CA55A6602BE22BA2A9C1FA80AC
ERR164621,2012-09-10 17:03:20,2012-09-10 17:02:05,66588273,13450831146,66588273,202,9029,,https://sra-downloadb.be-md.ncbi.nlm.nih.gov/sos1/sra-pub-run-5/ERR164621/ERR164621.1,ERX140498,LC_S39_Txn1,OTHER,unspecified,TRANSCRIPTOMIC,PAIRED,200,0,ILLUMINA,Illumina HiSeq 2000,ERP001058,PRJEB2784,,204506,ERS167378,SAMEA1499349,simple,9606,Homo sapiens,SAMEA1499349,,,,,,,no,,,,,GMISNU,ERA156312,,public,D533CC50FC4915F2F11801DA36FF0D8C,D26E756D7965F99A8AA0C4AA4F8CEA99
ERR164622,2012-09-10 16:59:13,2012-09-10 16:58:37,33747468,6816988536,33747468,202,4497,,https://sra-downloadb.be-md.ncbi.nlm.nih.gov/sos1/sra-pub-run-5/ERR164622/ERR164622.1,ERX140499,LC_S40_Txn1,OTHER,unspecified,TRANSCRIPTOMIC,PAIRED,200,0,ILLUMINA,Illumina HiSeq 2000,ERP001058,PRJEB2784,,204506,ERS167379,SAMEA1499371,simple,9606,Homo sapiens,SAMEA1499371,,,,,,,no,,,,,GMISNU,ERA156312,,public,81F53D42897A6EA8BC07A991159FBA4E,2EDEB80430E49C1FB394B633C69515D8
ERR164623,2012-09-10 17:21:15,2012-09-10 17:20:55,34223354,6913117508,34223354,202,4558,,https://sra-downloadb.be-md.ncbi.nlm.nih.gov/sos2/sra-pub-run-7/ERR164623/ERR164623.1,ERX140500,LC_S41_Txn1,OTHER,unspecified,TRANSCRIPTOMIC,PAIRED,200,0,ILLUMINA,Illumina HiSeq 2000,ERP001058,PRJEB2784,,204506,ERS167380,SAMEA1499286,simple,9606,Homo sapiens,SAMEA1499286,,,,,,,no,,,,,GMISNU,ERA156312,,public,C1DF21D644ABCEB947AF7FE85D0890EA,CC0621A519EDBC7D8D8961897F2FA8E9
ERR164624,2012-09-10 17:23:11,2012-09-10 17:22:48,41045273,8291145146,41045273,202,5467,,https://sra-downloadb.be-md.ncbi.nlm.nih.gov/sos2/sra-pub-run-7/ERR164624/ERR164624.1,ERX140501,LC_S42_Txn1,OTHER,unspecified,TRANSCRIPTOMIC,PAIRED,200,0,ILLUMINA,Illumina HiSeq 2000,ERP001058,PRJEB2784,,204506,ERS167381,SAMEA1499221,simple,9606,Homo sapiens,SAMEA1499221,,,,,,,no,,,,,GMISNU,ERA156312,,public,90A885F43D5684065C4CD1C6F2281927,A3A8235F5B304A05AE1AFCEA6B3234D7
ERR164625,2012-09-10 17:23:11,2012-09-10 17:22:36,34893898,7048567396,34893898,202,4659,,https://sra-downloadb.be-md.ncbi.nlm.nih.gov/sos2/sra-pub-run-7/ERR164625/ERR164625.1,ERX140502,LC_S43_Txn1,OTHER,unspecified,TRANSCRIPTOMIC,PAIRED,200,0,ILLUMINA,Illumina HiSeq 2000,ERP001058,PRJEB2784,,204506,ERS167382,SAMEA1499246,simple,9606,Homo sapiens,SAMEA1499246,,,,,,,no,,,,,GMISNU,ERA156312,,public,C89699AB118FD61A83ABF0A1C59F2AD4,80E369A65008846237F8D8D4D2D1D047
ERR164626,2012-09-10 17:24:11,2012-09-10 17:23:11,34779422,7025443244,34779422,202,4639,,https://sra-downloadb.be-md.ncbi.nlm.nih.gov/sos2/sra-pub-run-7/ERR164626/ERR164626.1,ERX140503,LC_S44_Txn1,OTHER,unspecified,TRANSCRIPTOMIC,PAIRED,200,0,ILLUMINA,Illumina HiSeq 2000,ERP001058,PRJEB2784,,204506,ERS167383,SAMEA1499353,simple,9606,Homo sapiens,SAMEA1499353,,,,,,,no,,,,,GMISNU,ERA156312,,public,3C8FDC9094DF819D2A933DC14D127842,6EF618B8C039EED076E9CB5C8F2459BF
ERR164627,2012-09-10 17:25:12,2012-09-10 17:24:10,37334315,7541531630,37334315,202,4979,,https://sra-downloadb.be-md.ncbi.nlm.nih.gov/sos2/sra-pub-run-7/ERR164627/ERR164627.1,ERX140504,LC_S45_Txn1,OTHER,unspecified,TRANSCRIPTOMIC,PAIRED,200,0,ILLUMINA,Illumina HiSeq 2000,ERP001058,PRJEB2784,,204506,ERS167384,SAMEA1499372,simple,9606,Homo sapiens,SAMEA1499372,,,,,,,no,,,,,GMISNU,ERA156312,,public,9B733648A93958AE043C424ECD6493D2,8BAA54AC4E8A2A72F5605CADD818530F
ERR164628,2012-09-10 17:26:18,2012-09-10 17:26:08,36607936,7394803072,36607936,202,4887,,https://sra-downloadb.be-md.ncbi.nlm.nih.gov/sos2/sra-pub-run-7/ERR164628/ERR164628.1,ERX140505,LC_S46_Txn1,OTHER,unspecified,TRANSCRIPTOMIC,PAIRED,200,0,ILLUMINA,Illumina HiSeq 2000,ERP001058,PRJEB2784,,204506,ERS167385,SAMEA1499316,simple,9606,Homo sapiens,SAMEA1499316,,,,,,,no,,,,,GMISNU,ERA156312,,public,B10294AB49D2DEED13029FCA8F48E6CB,1370BE71A1A1BFB91C5A8D73A64E067D
ERR164629,2012-09-10 17:26:18,2012-09-10 17:25:51,32000887,6464179174,32000887,202,4264,,https://sra-downloadb.be-md.ncbi.nlm.nih.gov/sos2/sra-pub-run-7/ERR164629/ERR164629.1,ERX140506,LC_S47_Txn1,OTHER,unspecified,TRANSCRIPTOMIC,PAIRED,200,0,ILLUMINA,Illumina HiSeq 2000,ERP001058,PRJEB2784,,204506,ERS167386,SAMEA1499303,simple,9606,Homo sapiens,SAMEA1499303,,,,,,,no,,,,,GMISNU,ERA156312,,public,943932678472A6CA81266A80F6553A44,252E28ED7305E433D86B59BF82344A4B
ERR164630,2012-09-10 17:30:28,2012-09-10 17:29:10,32015184,6467067168,32015184,202,4263,,https://sra-downloadb.be-md.ncbi.nlm.nih.gov/sos2/sra-pub-run-7/ERR164630/ERR164630.1,ERX140507,LC_S48_Txn1,OTHER,unspecified,TRANSCRIPTOMIC,PAIRED,200,0,ILLUMINA,Illumina HiSeq 2000,ERP001058,PRJEB2784,,204506,ERS167387,SAMEA1499319,simple,9606,Homo sapiens,SAMEA1499319,,,,,,,no,,,,,GMISNU,ERA156312,,public,D8D21D7CC767A23A1A728C6AC9BE1071,C3207772CE70DC892014CAD99CB91D5D
ERR164631,2012-09-10 17:31:13,2012-09-10 17:30:31,35692599,7209904998,35692599,202,4776,,https://sra-downloadb.be-md.ncbi.nlm.nih.gov/sos2/sra-pub-run-7/ERR164631/ERR164631.1,ERX140508,LC_S49_Txn1,OTHER,unspecified,TRANSCRIPTOMIC,PAIRED,200,0,ILLUMINA,Illumina HiSeq 2000,ERP001058,PRJEB2784,,204506,ERS167388,SAMEA1499273,simple,9606,Homo sapiens,SAMEA1499273,,,,,,,no,,,,,GMISNU,ERA156312,,public,DC511754F3416E6FFF8D63477E444923,798B33F75E8C38E40CD2609454F182EC
ERR164632,2012-09-10 17:30:28,2012-09-10 17:29:53,35163857,7103099114,35163857,202,4696,,https://sra-downloadb.be-md.ncbi.nlm.nih.gov/sos2/sra-pub-run-7/ERR164632/ERR164632.1,ERX140509,LC_S50_Txn1,OTHER,unspecified,TRANSCRIPTOMIC,PAIRED,200,0,ILLUMINA,Illumina HiSeq 2000,ERP001058,PRJEB2784,,204506,ERS167389,SAMEA1499285,simple,9606,Homo sapiens,SAMEA1499285,,,,,,,no,,,,,GMISNU,ERA156312,,public,31B4BC077ED44F9EC9949CBCEDF296D1,545063FFABA045F3027F79A86CC2C884
ERR164633,2012-09-10 17:32:10,2012-09-10 17:31:39,38627258,7802706116,38627258,202,5147,,https://sra-downloadb.be-md.ncbi.nlm.nih.gov/sos2/sra-pub-run-7/ERR164633/ERR164633.1,ERX140510,LC_S51_Txn1,OTHER,unspecified,TRANSCRIPTOMIC,PAIRED,200,0,ILLUMINA,Illumina HiSeq 2000,ERP001058,PRJEB2784,,204506,ERS167390,SAMEA1499252,simple,9606,Homo sapiens,SAMEA1499252,,,,,,,no,,,,,GMISNU,ERA156312,,public,0C0A9F412A109827392030B7F62CA61B,8743E09BE598688B077CEB5C6720A9AF
ERR164634,2012-09-10 17:30:28,2012-09-10 17:29:41,33115066,6689243332,33115066,202,4331,,https://sra-downloadb.be-md.ncbi.nlm.nih.gov/sos2/sra-pub-run-7/ERR164634/ERR164634.1,ERX140511,LC_S52_Txn1,OTHER,unspecified,TRANSCRIPTOMIC,PAIRED,200,0,ILLUMINA,Illumina HiSeq 2000,ERP001058,PRJEB2784,,204506,ERS167391,SAMEA1499247,simple,9606,Homo sapiens,SAMEA1499247,,,,,,,no,,,,,GMISNU,ERA156312,,public,5F4235FC00AFFF09A1836AAEA60C6314,B9EB7222DFED81F4F9FF0D144B5C49B3
